{
  "type": "FeatureCollection",
  "generated": "2026-09-09",
  "query": {
    "bbox": "47.2,11.0,47.9,12.3",
    "minEle": 1000,
    "namedOnly": true,
    "countries": [
      "DE",
      "AT",
      "IT",
      "CH"
    ]
  },
  "attribution": "© OpenStreetMap contributors (ODbL)",
  "features": [
    {"type":"Feature","id":26864445,"geometry":{"type":"Point","coordinates":[11.05896,47.24583]},"properties":{"id":26864445,"name":"Rietzer Grießkogel","ele":2884,"country":"AT","prominence":867,"wikidata":"Q761945","wikipedia":"de:Rietzer Grießkogel"}},
    {"type":"Feature","id":1567673459,"geometry":{"type":"Point","coordinates":[11.05368,47.20408]},"properties":{"id":1567673459,"name":"Gaiskogel","ele":2820,"country":"AT","wikidata":"Q1491557","wikipedia":"de:Gaißkogel"}},
    {"type":"Feature","id":758859313,"geometry":{"type":"Point","coordinates":[11.12144,47.21982]},"properties":{"id":758859313,"name":"Peider Spitze","ele":2808,"country":"AT","wikidata":"Q21864769"}},
    {"type":"Feature","id":5721093727,"geometry":{"type":"Point","coordinates":[11.10259,47.22469]},"properties":{"id":5721093727,"name":"Seejoch","ele":2808,"country":"AT","wikidata":"Q21865709"}},
    {"type":"Feature","id":413592544,"geometry":{"type":"Point","coordinates":[11.07107,47.25227]},"properties":{"id":413592544,"name":"Hocheder","ele":2796,"country":"AT"}},
    {"type":"Feature","id":1079006418,"geometry":{"type":"Point","coordinates":[11.0516,47.24741]},"properties":{"id":1079006418,"name":"Bachwandkogel","ele":2762,"country":"AT"}},
    {"type":"Feature","id":256041991,"geometry":{"type":"Point","coordinates":[11.75088,47.2043]},"properties":{"id":256041991,"name":"Rastkogel","ele":2762,"country":"AT","wikidata":"Q505144","wikipedia":"de:Rastkogel"}},
    {"type":"Feature","id":333933211,"geometry":{"type":"Point","coordinates":[11.43756,47.41132]},"properties":{"id":333933211,"name":"Birkkarspitze","ele":2749,"country":"AT","prominence":1564,"wikidata":"Q702352","wikipedia":"de:Birkkarspitze"}},
    {"type":"Feature","id":2825971108,"geometry":{"type":"Point","coordinates":[11.5884,47.20065]},"properties":{"id":2825971108,"name":"Malgrübler","ele":2749,"country":"AT","wikidata":"Q1488326","wikipedia":"de:Malgrübler"}},
    {"type":"Feature","id":1079006387,"geometry":{"type":"Point","coordinates":[11.04348,47.24595]},"properties":{"id":1079006387,"name":"Kreuzjochkogel","ele":2746,"country":"AT"}},
    {"type":"Feature","id":1617915343,"geometry":{"type":"Point","coordinates":[11.42442,47.41247]},"properties":{"id":1617915343,"name":"Mittlere Ödkarspitze","ele":2746,"country":"AT","wikidata":"Q98006835","wikipedia":"de:Ödkarspitzen"}},
    {"type":"Feature","id":2061799676,"geometry":{"type":"Point","coordinates":[11.05536,47.39596]},"properties":{"id":2061799676,"name":"Hochwanner","ele":2744,"country":"AT/DE","prominence":699,"wikidata":"Q255743","wikipedia":"de:Hochwanner"}},
    {"type":"Feature","id":508503691,"geometry":{"type":"Point","coordinates":[11.01057,47.41849]},"properties":{"id":508503691,"name":"Innere Höllentalspitze","ele":2741,"country":"DE","wikidata":"Q265375"}},
    {"type":"Feature","id":508503689,"geometry":{"type":"Point","coordinates":[11.01983,47.42069]},"properties":{"id":508503689,"name":"Mittlere Höllentalspitze","ele":2740,"country":"DE"}},
    {"type":"Feature","id":1617915337,"geometry":{"type":"Point","coordinates":[11.43003,47.41264]},"properties":{"id":1617915337,"name":"Östliche Ödkarspitze","ele":2739,"country":"AT","wikidata":"Q98006835","wikipedia":"de:Ödkarspitzen"}},
    {"type":"Feature","id":1621410410,"geometry":{"type":"Point","coordinates":[11.45064,47.40303]},"properties":{"id":1621410410,"name":"Kaltwasserkarspitze","ele":2733,"country":"AT","wikidata":"Q624393","wikipedia":"de:Kaltwasserkarspitze"}},
    {"type":"Feature","id":1617864095,"geometry":{"type":"Point","coordinates":[11.51987,47.34423]},"properties":{"id":1617864095,"name":"Großer Bettelwurf","ele":2725,"country":"AT","prominence":814,"wikidata":"Q871845","wikipedia":"de:Großer Bettelwurf"}},
    {"type":"Feature","id":1043661681,"geometry":{"type":"Point","coordinates":[11.66321,47.21786]},"properties":{"id":1043661681,"name":"Hirzer","ele":2725,"country":"AT","wikidata":"Q19971238","wikipedia":"de:Hirzer (Tuxer Alpen)"}},
    {"type":"Feature","id":5928695261,"geometry":{"type":"Point","coordinates":[11.12648,47.22591]},"properties":{"id":5928695261,"name":"Südlicher Schloßkopf","ele":2725,"country":"AT"}},
    {"type":"Feature","id":508548893,"geometry":{"type":"Point","coordinates":[11.01545,47.35852]},"properties":{"id":508548893,"name":"Hohe Wand / Hochwand","ele":2719,"country":"AT","wikidata":"Q1622423","wikipedia":"de:Hochwand"}},
    {"type":"Feature","id":508503693,"geometry":{"type":"Point","coordinates":[11.02789,47.42094]},"properties":{"id":508503693,"name":"Äußere Höllentalspitze","ele":2715,"country":"DE"}},
    {"type":"Feature","id":3711071136,"geometry":{"type":"Point","coordinates":[11.0131,47.3574]},"properties":{"id":3711071136,"name":"Hohe Wand / Hochwand (Nebengipfel)","ele":2715,"country":"AT","wikidata":"Q1622423","wikipedia":"de:Hochwand"}},
    {"type":"Feature","id":1617915363,"geometry":{"type":"Point","coordinates":[11.42044,47.41191]},"properties":{"id":1617915363,"name":"Westliche Ödkarspitze","ele":2714,"country":"AT","wikidata":"Q98006835","wikipedia":"de:Ödkarspitzen"}},
    {"type":"Feature","id":1833449075,"geometry":{"type":"Point","coordinates":[11.04444,47.4224]},"properties":{"id":1833449075,"name":"Hochblassen","ele":2706,"country":"DE","wikidata":"Q870721"}},
    {"type":"Feature","id":26863055,"geometry":{"type":"Point","coordinates":[11.45257,47.34566]},"properties":{"id":26863055,"name":"Großer Lafatscher","ele":2696,"country":"AT","prominence":615,"wikidata":"Q290991","wikipedia":"de:Großer Lafatscher"}},
    {"type":"Feature","id":1079006391,"geometry":{"type":"Point","coordinates":[11.03796,47.2301]},"properties":{"id":1079006391,"name":"Mugkogel","ele":2693,"country":"AT","wikidata":"Q29441802","wikipedia":"de:Mugkogel"}},
    {"type":"Feature","id":1079006382,"geometry":{"type":"Point","coordinates":[11.00393,47.22933]},"properties":{"id":1079006382,"name":"Hinterer Grieskogel","ele":2684,"country":"AT"}},
    {"type":"Feature","id":256041673,"geometry":{"type":"Point","coordinates":[11.12395,47.40048]},"properties":{"id":256041673,"name":"Leutascher Dreitorspitze","ele":2682,"country":"DE","wikidata":"Q585796","wikipedia":"de:Dreitorspitze"}},
    {"type":"Feature","id":1079006414,"geometry":{"type":"Point","coordinates":[11.03089,47.23157]},"properties":{"id":1079006414,"name":"Hochalter","ele":2678,"country":"AT","wikidata":"Q29441801","wikipedia":"de:Hochalter"}},
    {"type":"Feature","id":256041742,"geometry":{"type":"Point","coordinates":[11.52838,47.2076]},"properties":{"id":256041742,"name":"Glungezer","ele":2677,"country":"AT","wikidata":"Q671146","wikipedia":"de:Glungezer"}},
    {"type":"Feature","id":1621410413,"geometry":{"type":"Point","coordinates":[11.39078,47.40487]},"properties":{"id":1621410413,"name":"Große Seekarspitze","ele":2677,"country":"AT","wikidata":"Q459905","wikipedia":"de:Große Seekarspitze"}},
    {"type":"Feature","id":1079006407,"geometry":{"type":"Point","coordinates":[11.00451,47.22612]},"properties":{"id":1079006407,"name":"Vorderer Grieskogel","ele":2671,"country":"AT","wikidata":"Q2332087"}},
    {"type":"Feature","id":256041782,"geometry":{"type":"Point","coordinates":[11.07583,47.39611]},"properties":{"id":256041782,"name":"Hinterreintalschrofen","ele":2670,"country":"AT","wikidata":"Q515359","wikipedia":"de:Hinterreintalschrofen"}},
    {"type":"Feature","id":524798219,"geometry":{"type":"Point","coordinates":[11.43834,47.34559]},"properties":{"id":524798219,"name":"Hintere Bachofenspitze","ele":2668,"country":"AT","wikidata":"Q873441","wikipedia":"de:Hintere Bachofenspitze"}},
    {"type":"Feature","id":525268946,"geometry":{"type":"Point","coordinates":[11.47763,47.38641]},"properties":{"id":525268946,"name":"Südliche Sonnenspitze","ele":2668,"country":"AT","wikidata":"Q21863375"}},
    {"type":"Feature","id":1617864235,"geometry":{"type":"Point","coordinates":[11.52211,47.38078]},"properties":{"id":1617864235,"name":"Grubenkarspitze","ele":2663,"country":"AT","wikidata":"Q453696","wikipedia":"de:Grubenkarspitze"}},
    {"type":"Feature","id":12335938559,"geometry":{"type":"Point","coordinates":[11.12984,47.21819]},"properties":{"id":12335938559,"name":"Koflerspitze Westgipfel","ele":2663,"country":"AT"}},
    {"type":"Feature","id":1620258649,"geometry":{"type":"Point","coordinates":[11.44392,47.34591]},"properties":{"id":1620258649,"name":"Vordere Bachofenspitze","ele":2663,"country":"AT"}},
    {"type":"Feature","id":656014516,"geometry":{"type":"Point","coordinates":[11.07173,47.34705]},"properties":{"id":656014516,"name":"Hohe Munde Westgipfel","ele":2662,"country":"AT","prominence":603,"wikidata":"Q389939","wikipedia":"de:Hohe Munde"}},
    {"type":"Feature","id":526165353,"geometry":{"type":"Point","coordinates":[11.44668,47.39785]},"properties":{"id":526165353,"name":"Sägezähne","ele":2660,"country":"AT"}},
    {"type":"Feature","id":2150615853,"geometry":{"type":"Point","coordinates":[11.0797,47.25536]},"properties":{"id":2150615853,"name":"Schafmarebenkogel","ele":2651,"country":"AT"}},
    {"type":"Feature","id":1979180220,"geometry":{"type":"Point","coordinates":[11.51003,47.34547]},"properties":{"id":1979180220,"name":"Kleiner Bettelwurf","ele":2650,"country":"AT","wikidata":"Q2620568"}},
    {"type":"Feature","id":525268947,"geometry":{"type":"Point","coordinates":[11.48197,47.3906]},"properties":{"id":525268947,"name":"Nördliche Sonnenspitze","ele":2650,"country":"AT","wikidata":"Q21866279"}},
    {"type":"Feature","id":11926109175,"geometry":{"type":"Point","coordinates":[11.08372,47.39584]},"properties":{"id":11926109175,"name":"Teufelsgrat","ele":2648,"country":"AT/DE","wikidata":"Q9357673"}},
    {"type":"Feature","id":4279014302,"geometry":{"type":"Point","coordinates":[11.15263,47.223]},"properties":{"id":4279014302,"name":"Roßkogel","ele":2647,"country":"AT","wikidata":"Q15126441","wikipedia":"de:Roßkogel (Stubaier Alpen)"}},
    {"type":"Feature","id":524813677,"geometry":{"type":"Point","coordinates":[11.44189,47.33954]},"properties":{"id":524813677,"name":"Roßkopf","ele":2646,"country":"AT","wikidata":"Q1739182","wikipedia":"de:Rosskopf (Halltal)"}},
    {"type":"Feature","id":1620258657,"geometry":{"type":"Point","coordinates":[11.40198,47.35086]},"properties":{"id":1620258657,"name":"Westliche Praxmarerkarspitze","ele":2644,"country":"AT","wikidata":"Q442776","wikipedia":"de:Westliche Praxmarerkarspitze"}},
    {"type":"Feature","id":433722062,"geometry":{"type":"Point","coordinates":[11.03294,47.20034]},"properties":{"id":433722062,"name":"Neunerkogel","ele":2640,"country":"AT","wikidata":"Q4899751"}},
    {"type":"Feature","id":290267206,"geometry":{"type":"Point","coordinates":[11.14836,47.21983]},"properties":{"id":290267206,"name":"Weißstein","ele":2640,"country":"AT"}},
    {"type":"Feature","id":2131082823,"geometry":{"type":"Point","coordinates":[11.52383,47.21023]},"properties":{"id":2131082823,"name":"Sonnenspitze","ele":2639,"country":"AT"}},
    {"type":"Feature","id":1620258653,"geometry":{"type":"Point","coordinates":[11.40362,47.35145]},"properties":{"id":1620258653,"name":"Östliche Praxmarerkarspitze","ele":2638,"country":"AT","wikidata":"Q67083874","wikipedia":"de:Östliche Praxmarerkarspitze"}},
    {"type":"Feature","id":1612610972,"geometry":{"type":"Point","coordinates":[11.3244,47.30248]},"properties":{"id":1612610972,"name":"Kleiner Solstein","ele":2637,"country":"AT","wikidata":"Q1746692","wikipedia":"de:Kleiner Solstein"}},
    {"type":"Feature","id":1621410411,"geometry":{"type":"Point","coordinates":[11.40526,47.40876]},"properties":{"id":1621410411,"name":"Marxenkarspitze","ele":2637,"country":"AT","wikidata":"Q21877822"}},
    {"type":"Feature","id":1620258646,"geometry":{"type":"Point","coordinates":[11.45745,47.3471]},"properties":{"id":1620258646,"name":"Kleiner Lafatscher","ele":2635,"country":"AT","wikidata":"Q632467","wikipedia":"de:Kleiner Lafatscher"}},
    {"type":"Feature","id":472565283,"geometry":{"type":"Point","coordinates":[11.12256,47.40635]},"properties":{"id":472565283,"name":"Partenkirchner Dreitorspitze, Westgipfel","ele":2633,"country":"AT"}},
    {"type":"Feature","id":508503694,"geometry":{"type":"Point","coordinates":[11.0347,47.42172]},"properties":{"id":508503694,"name":"Vollkarspitze","ele":2630,"country":"DE","wikidata":"Q885103"}},
    {"type":"Feature","id":259486622,"geometry":{"type":"Point","coordinates":[11.04781,47.4295]},"properties":{"id":259486622,"name":"Alpspitze","ele":2628,"country":"DE","wikidata":"Q252743"}},
    {"type":"Feature","id":1833449062,"geometry":{"type":"Point","coordinates":[11.04951,47.42097]},"properties":{"id":1833449062,"name":"Blassenkopf","ele":2628,"country":"DE"}},
    {"type":"Feature","id":1078436649,"geometry":{"type":"Point","coordinates":[11.03566,47.2419]},"properties":{"id":1078436649,"name":"Mitterzeigerkogel","ele":2628,"country":"AT"}},
    {"type":"Feature","id":526232433,"geometry":{"type":"Point","coordinates":[11.50815,47.36346]},"properties":{"id":526232433,"name":"Brantlspitze","ele":2626,"country":"AT"}},
    {"type":"Feature","id":3634965711,"geometry":{"type":"Point","coordinates":[11.12567,47.40912]},"properties":{"id":3634965711,"name":"Partenkirchner Dreitorspitze, Nordostgipfel","ele":2626,"country":"DE"}},
    {"type":"Feature","id":3634965710,"geometry":{"type":"Point","coordinates":[11.12394,47.40812]},"properties":{"id":3634965710,"name":"Partenkirchner Dreitorspitze, Mittelgipfel","ele":2622,"country":"DE"}},
    {"type":"Feature","id":4370197144,"geometry":{"type":"Point","coordinates":[11.48738,47.34626]},"properties":{"id":4370197144,"name":"Speckkarspitze","ele":2621,"country":"AT","wikidata":"Q390571","wikipedia":"de:Speckkarspitze"}},
    {"type":"Feature","id":2329366377,"geometry":{"type":"Point","coordinates":[11.52383,47.34485]},"properties":{"id":2329366377,"name":"Fallbachkartürme","ele":2620,"country":"AT"}},
    {"type":"Feature","id":2825970809,"geometry":{"type":"Point","coordinates":[11.66479,47.2103]},"properties":{"id":2825970809,"name":"Grafennsspitze / Krovenzspitze","ele":2619,"country":"AT","wikidata":"Q21878363"}},
    {"type":"Feature","id":526165363,"geometry":{"type":"Point","coordinates":[11.456,47.402]},"properties":{"id":526165363,"name":"Rauhkarlspitze","ele":2619,"country":"AT","wikidata":"Q23689671","wikipedia":"de:Rauhkarlspitze"}},
    {"type":"Feature","id":1621410412,"geometry":{"type":"Point","coordinates":[11.39181,47.40832]},"properties":{"id":1621410412,"name":"Kleine Seekarspitze","ele":2613,"country":"AT","wikidata":"Q21881722"}},
    {"type":"Feature","id":413592413,"geometry":{"type":"Point","coordinates":[11.05303,47.25094]},"properties":{"id":413592413,"name":"Oberalpl","ele":2613,"country":"AT"}},
    {"type":"Feature","id":9625071570,"geometry":{"type":"Point","coordinates":[11.13602,47.21732]},"properties":{"id":9625071570,"name":"Koflerspitze Ostgipfel","ele":2612,"country":"AT"}},
    {"type":"Feature","id":1370322683,"geometry":{"type":"Point","coordinates":[11.55875,47.377]},"properties":{"id":1370322683,"name":"Eiskarlspitze","ele":2610,"country":"AT","wikidata":"Q1317808","wikipedia":"de:Eiskarlspitze"}},
    {"type":"Feature","id":524778994,"geometry":{"type":"Point","coordinates":[11.37538,47.35371]},"properties":{"id":524778994,"name":"Mittlere Jägerkarspitze","ele":2608,"country":"AT","wikidata":"Q1714868","wikipedia":"de:Jägerkarspitzen"}},
    {"type":"Feature","id":1617863948,"geometry":{"type":"Point","coordinates":[11.55147,47.38128]},"properties":{"id":1617863948,"name":"Spritzkarspitze","ele":2606,"country":"AT","wikidata":"Q1662378","wikipedia":"de:Spritzkarspitze"}},
    {"type":"Feature","id":636037414,"geometry":{"type":"Point","coordinates":[11.75006,47.2133]},"properties":{"id":636037414,"name":"Dreispitzkopf","ele":2604,"country":"AT"}},
    {"type":"Feature","id":1617864088,"geometry":{"type":"Point","coordinates":[11.51401,47.38843]},"properties":{"id":1617864088,"name":"Dreizinkenspitze","ele":2602,"country":"AT","wikidata":"Q1258251","wikipedia":"de:Dreizinkenspitze"}},
    {"type":"Feature","id":3089113638,"geometry":{"type":"Point","coordinates":[11.07017,47.23316]},"properties":{"id":3089113638,"name":"Schartenkogel","ele":2602,"country":"AT"}},
    {"type":"Feature","id":2329366381,"geometry":{"type":"Point","coordinates":[11.50257,47.363]},"properties":{"id":2329366381,"name":"Gamskarspitze","ele":2601,"country":"AT","wikidata":"Q17321845","wikipedia":"de:Gamskarspitze (Rosslochkamm)"}},
    {"type":"Feature","id":526074288,"geometry":{"type":"Point","coordinates":[11.42067,47.39983]},"properties":{"id":526074288,"name":"Birkköpfe","ele":2599,"country":"AT"}},
    {"type":"Feature","id":2825971605,"geometry":{"type":"Point","coordinates":[11.58479,47.21218]},"properties":{"id":2825971605,"name":"Haneburger","ele":2596,"country":"AT","wikidata":"Q1575355","wikipedia":"de:Haneburger"}},
    {"type":"Feature","id":524435070,"geometry":{"type":"Point","coordinates":[11.33921,47.30291]},"properties":{"id":524435070,"name":"Hintere Brandjochspitze","ele":2596,"country":"AT","wikidata":"Q1619661","wikipedia":"de:Hintere Brandjochspitze"}},
    {"type":"Feature","id":256042844,"geometry":{"type":"Point","coordinates":[11.33349,47.30159]},"properties":{"id":256042844,"name":"Hohe Warte","ele":2596,"country":"AT","wikidata":"Q1552044","wikipedia":"de:Hohe Warte (Karwendel)"}},
    {"type":"Feature","id":524778996,"geometry":{"type":"Point","coordinates":[11.37566,47.355]},"properties":{"id":524778996,"name":"Nördliche Jägerkarspitze","ele":2596,"country":"AT","wikidata":"Q1714868","wikipedia":"de:Jägerkarspitzen"}},
    {"type":"Feature","id":256041976,"geometry":{"type":"Point","coordinates":[11.08121,47.34621]},"properties":{"id":256041976,"name":"Hohe Munde Ostgipfel","ele":2592,"country":"AT","wikidata":"Q389939","wikipedia":"de:Hohe Munde"}},
    {"type":"Feature","id":3523407184,"geometry":{"type":"Point","coordinates":[11.04407,47.20573]},"properties":{"id":3523407184,"name":"Plenderlesseekopf","ele":2590,"country":"AT","wikidata":"Q2218063"}},
    {"type":"Feature","id":526232443,"geometry":{"type":"Point","coordinates":[11.48666,47.39112]},"properties":{"id":526232443,"name":"Bockkarspitze","ele":2589,"country":"AT"}},
    {"type":"Feature","id":7769784734,"geometry":{"type":"Point","coordinates":[11.09287,47.39565]},"properties":{"id":7769784734,"name":"Oberer Hundstallkopf","ele":2586,"country":"AT","wikidata":"Q21878028"}},
    {"type":"Feature","id":2432365309,"geometry":{"type":"Point","coordinates":[11.37813,47.40792]},"properties":{"id":2432365309,"name":"Breitgrieskarspitze","ele":2585,"country":"AT","wikidata":"Q873185","wikipedia":"de:Breitgrieskarspitze"}},
    {"type":"Feature","id":1621410428,"geometry":{"type":"Point","coordinates":[11.36612,47.41138]},"properties":{"id":1621410428,"name":"Große Riedlkarspitze","ele":2585,"country":"AT","wikidata":"Q1548340","wikipedia":"de:Große Riedlkarspitze"}},
    {"type":"Feature","id":1617915163,"geometry":{"type":"Point","coordinates":[11.50026,47.39129]},"properties":{"id":1617915163,"name":"Laliderer Spitze","ele":2583,"country":"AT","wikidata":"Q672820","wikipedia":"de:Laliderer Spitze"}},
    {"type":"Feature","id":3089113637,"geometry":{"type":"Point","coordinates":[11.0861,47.22608]},"properties":{"id":3089113637,"name":"Metzen","ele":2583,"country":"AT","wikidata":"Q21878338"}},
    {"type":"Feature","id":526074283,"geometry":{"type":"Point","coordinates":[11.42252,47.40498]},"properties":{"id":526074283,"name":"Birkköpfe","ele":2581,"country":"AT"}},
    {"type":"Feature","id":758871003,"geometry":{"type":"Point","coordinates":[11.14203,47.22349]},"properties":{"id":758871003,"name":"Mitterkogel","ele":2581,"country":"AT"}},
    {"type":"Feature","id":5927674903,"geometry":{"type":"Point","coordinates":[11.58456,47.21435]},"properties":{"id":5927674903,"name":"Gipfelkreuz Haneburger","ele":2580,"country":"AT"}},
    {"type":"Feature","id":524798214,"geometry":{"type":"Point","coordinates":[11.41828,47.34781]},"properties":{"id":524798214,"name":"Kaskarspitze","ele":2580,"country":"AT","wikidata":"Q1734990","wikipedia":"de:Kaskarspitze"}},
    {"type":"Feature","id":524778995,"geometry":{"type":"Point","coordinates":[11.37616,47.35229]},"properties":{"id":524778995,"name":"Südliche Jägerkarspitze","ele":2579,"country":"AT","wikidata":"Q1714868","wikipedia":"de:Jägerkarspitzen"}},
    {"type":"Feature","id":480702658,"geometry":{"type":"Point","coordinates":[11.75246,47.22125]},"properties":{"id":480702658,"name":"Rosskopf","ele":2576,"country":"AT","wikidata":"Q1735799","wikipedia":"de:Roßkopf (Tuxer Alpen)"}},
    {"type":"Feature","id":524798216,"geometry":{"type":"Point","coordinates":[11.42742,47.34635]},"properties":{"id":524798216,"name":"Sonntagkarspitze","ele":2575,"country":"AT","wikidata":"Q2302158","wikipedia":"de:Sonntagkarspitze"}},
    {"type":"Feature","id":526074290,"geometry":{"type":"Point","coordinates":[11.41778,47.39596]},"properties":{"id":526074290,"name":"Birkköpfe","ele":2574,"country":"AT"}},
    {"type":"Feature","id":636036617,"geometry":{"type":"Point","coordinates":[11.73031,47.20459]},"properties":{"id":636036617,"name":"Halslspitze","ele":2574,"country":"AT"}},
    {"type":"Feature","id":1679889823,"geometry":{"type":"Point","coordinates":[11.5716,47.37402]},"properties":{"id":1679889823,"name":"Hochglück","ele":2573,"country":"AT","wikidata":"Q255599","wikipedia":"de:Hochglück"}},
    {"type":"Feature","id":525248728,"geometry":{"type":"Point","coordinates":[11.53449,47.34028]},"properties":{"id":525248728,"name":"Hohe Fürleg","ele":2570,"country":"AT","wikidata":"Q2719093","wikipedia":"de:Hohe Fürleg (Karwendel)"}},
    {"type":"Feature","id":873531478,"geometry":{"type":"Point","coordinates":[11.34195,47.40868]},"properties":{"id":873531478,"name":"Pleisenspitze","ele":2569,"country":"AT","wikidata":"Q388397","wikipedia":"de:Pleisenspitze"}},
    {"type":"Feature","id":525248741,"geometry":{"type":"Point","coordinates":[11.53759,47.34009]},"properties":{"id":525248741,"name":"Walderkampspitze","ele":2565,"country":"AT"}},
    {"type":"Feature","id":2825970818,"geometry":{"type":"Point","coordinates":[11.59457,47.20577]},"properties":{"id":2825970818,"name":"Richteregg","ele":2560,"country":"AT"}},
    {"type":"Feature","id":4064859689,"geometry":{"type":"Point","coordinates":[11.09419,47.39591]},"properties":{"id":4064859689,"name":"Großer Hundstallkopf","ele":2559,"country":"AT"}},
    {"type":"Feature","id":1620258770,"geometry":{"type":"Point","coordinates":[11.34154,47.30224]},"properties":{"id":1620258770,"name":"Vordere Brandjochspitze","ele":2559,"country":"AT","wikidata":"Q871994","wikipedia":"de:Vordere Brandjochspitze"}},
    {"type":"Feature","id":256041882,"geometry":{"type":"Point","coordinates":[11.9826,47.25149]},"properties":{"id":256041882,"name":"Kreuzjoch","ele":2558,"country":"AT","prominence":1051,"wikidata":"Q13668","wikipedia":"de:Kreuzjoch (Kitzbüheler Alpen)"}},
    {"type":"Feature","id":7845727141,"geometry":{"type":"Point","coordinates":[11.1199,47.39709]},"properties":{"id":7845727141,"name":"Schüsselkarspitze","ele":2553,"country":"AT","wikidata":"Q699526","wikipedia":"de:Schüsselkarspitze"}},
    {"type":"Feature","id":644223854,"geometry":{"type":"Point","coordinates":[11.67382,47.22505]},"properties":{"id":644223854,"name":"Wildofen","ele":2553,"country":"AT","wikidata":"Q21878340"}},
    {"type":"Feature","id":526165360,"geometry":{"type":"Point","coordinates":[11.4468,47.40621]},"properties":{"id":526165360,"name":"Östliche Hochjöchlspitze","ele":2552,"country":"AT"}},
    {"type":"Feature","id":3878975383,"geometry":{"type":"Point","coordinates":[11.77501,47.20257]},"properties":{"id":3878975383,"name":"Pangert","ele":2550,"country":"AT","wikidata":"Q1669174","wikipedia":"de:Pangert"}},
    {"type":"Feature","id":323842894,"geometry":{"type":"Point","coordinates":[11.03971,47.39634]},"properties":{"id":323842894,"name":"Kleiner Wanner","ele":2548,"country":"DE","wikidata":"Q21868517"}},
    {"type":"Feature","id":256041828,"geometry":{"type":"Point","coordinates":[11.618,47.36733]},"properties":{"id":256041828,"name":"Hochnissl","ele":2546,"country":"AT","wikidata":"Q873968","wikipedia":"de:Hochnissl"}},
    {"type":"Feature","id":7608354953,"geometry":{"type":"Point","coordinates":[11.52933,47.34547]},"properties":{"id":7608354953,"name":"Fallbachkartürme","ele":2545,"country":"AT"}},
    {"type":"Feature","id":524813685,"geometry":{"type":"Point","coordinates":[11.43832,47.33463]},"properties":{"id":524813685,"name":"Große Stempeljochspitze","ele":2543,"country":"AT","wikidata":"Q2342508","wikipedia":"de:Stempeljochspitze"}},
    {"type":"Feature","id":526232447,"geometry":{"type":"Point","coordinates":[11.49563,47.3903]},"properties":{"id":526232447,"name":"Östlicher Ladizturm","ele":2542,"country":"AT"}},
    {"type":"Feature","id":255973617,"geometry":{"type":"Point","coordinates":[11.30766,47.3027]},"properties":{"id":255973617,"name":"Großer Solstein","ele":2541,"country":"AT","wikidata":"Q873196","wikipedia":"de:Großer Solstein"}},
    {"type":"Feature","id":1621410442,"geometry":{"type":"Point","coordinates":[11.35374,47.41002]},"properties":{"id":1621410442,"name":"Larchetkarspitze","ele":2541,"country":"AT","wikidata":"Q872521","wikipedia":"de:Larchetkarspitze"}},
    {"type":"Feature","id":526232455,"geometry":{"type":"Point","coordinates":[11.51918,47.3735]},"properties":{"id":526232455,"name":"Roßlochspitze","ele":2538,"country":"AT"}},
    {"type":"Feature","id":496454912,"geometry":{"type":"Point","coordinates":[11.42143,47.44486]},"properties":{"id":496454912,"name":"Östliche Karwendelspitze","ele":2537,"country":"AT/DE","prominence":735,"wikidata":"Q306927","wikipedia":"de:Östliche Karwendelspitze"}},
    {"type":"Feature","id":7608354952,"geometry":{"type":"Point","coordinates":[11.5307,47.34503]},"properties":{"id":7608354952,"name":"Fallbachkartürme","ele":2535,"country":"AT"}},
    {"type":"Feature","id":3939557451,"geometry":{"type":"Point","coordinates":[11.00805,47.22572]},"properties":{"id":3939557451,"name":"Geirneggelen","ele":2535,"country":"AT"}},
    {"type":"Feature","id":2857652202,"geometry":{"type":"Point","coordinates":[11.98639,47.27496]},"properties":{"id":2857652202,"name":"Katzenkopf","ele":2535,"country":"AT","wikidata":"Q21868332"}},
    {"type":"Feature","id":526165369,"geometry":{"type":"Point","coordinates":[11.46962,47.3974]},"properties":{"id":526165369,"name":"Moserkarspitze","ele":2533,"country":"AT","wikidata":"Q1681508","wikipedia":"de:Moserkarspitze"}},
    {"type":"Feature","id":524778987,"geometry":{"type":"Point","coordinates":[11.36433,47.35083]},"properties":{"id":524778987,"name":"Katzenkopf","ele":2531,"country":"AT"}},
    {"type":"Feature","id":1620258558,"geometry":{"type":"Point","coordinates":[11.43719,47.33295]},"properties":{"id":1620258558,"name":"Kleine Stempeljochspitze","ele":2529,"country":"AT"}},
    {"type":"Feature","id":526232444,"geometry":{"type":"Point","coordinates":[11.49245,47.3908]},"properties":{"id":526232444,"name":"Westlicher Ladizturm","ele":2524,"country":"AT"}},
    {"type":"Feature","id":256041930,"geometry":{"type":"Point","coordinates":[11.10389,47.39556]},"properties":{"id":256041930,"name":"Oberreintalschrofen","ele":2523,"country":"AT","wikidata":"Q873153","wikipedia":"de:Oberreintalschrofen"}},
    {"type":"Feature","id":1617864300,"geometry":{"type":"Point","coordinates":[11.41128,47.4465]},"properties":{"id":1617864300,"name":"Vogelkarspitze","ele":2522,"country":"AT","wikidata":"Q317490","wikipedia":"de:Vogelkarspitze"}},
    {"type":"Feature","id":1833449069,"geometry":{"type":"Point","coordinates":[11.03061,47.41652]},"properties":{"id":1833449069,"name":"Großer Kirchturm","ele":2514,"country":"DE","wikidata":"Q31544024"}},
    {"type":"Feature","id":636035467,"geometry":{"type":"Point","coordinates":[11.70351,47.20505]},"properties":{"id":636035467,"name":"Hobarjoch","ele":2512,"country":"AT"}},
    {"type":"Feature","id":6158793698,"geometry":{"type":"Point","coordinates":[11.54117,47.34011]},"properties":{"id":6158793698,"name":"Tratenspitze","ele":2510,"country":"AT"}},
    {"type":"Feature","id":461280949,"geometry":{"type":"Point","coordinates":[11.59119,47.38268]},"properties":{"id":461280949,"name":"Lamsenspitze","ele":2508,"country":"AT","wikidata":"Q874374","wikipedia":"de:Lamsenspitze"}},
    {"type":"Feature","id":4059510445,"geometry":{"type":"Point","coordinates":[11.12654,47.40996]},"properties":{"id":4059510445,"name":"Bayerländerturm","ele":2507,"country":"AT/DE"}},
    {"type":"Feature","id":256041729,"geometry":{"type":"Point","coordinates":[11.74302,47.26797]},"properties":{"id":256041729,"name":"Gilfert","ele":2506,"country":"AT","wikidata":"Q582835","wikipedia":"de:Gilfert"}},
    {"type":"Feature","id":526791650,"geometry":{"type":"Point","coordinates":[11.57427,47.36952]},"properties":{"id":526791650,"name":"Kaiserkopf","ele":2506,"country":"AT"}},
    {"type":"Feature","id":526791689,"geometry":{"type":"Point","coordinates":[11.58397,47.38246]},"properties":{"id":526791689,"name":"Schafkarspitze","ele":2505,"country":"AT"}},
    {"type":"Feature","id":6158793699,"geometry":{"type":"Point","coordinates":[11.54126,47.34106]},"properties":{"id":6158793699,"name":"Bockkarlturm","ele":2502,"country":"AT"}},
    {"type":"Feature","id":526027937,"geometry":{"type":"Point","coordinates":[11.38097,47.39695]},"properties":{"id":526027937,"name":"Oberer Spitzhüttenkopf","ele":2502,"country":"AT"}},
    {"type":"Feature","id":1617915116,"geometry":{"type":"Point","coordinates":[11.44007,47.41686]},"properties":{"id":1617915116,"name":"Schlauchkarkopf","ele":2500,"country":"AT"}},
    {"type":"Feature","id":3257264489,"geometry":{"type":"Point","coordinates":[11.8061,47.25124]},"properties":{"id":3257264489,"name":"Marchkopf","ele":2499,"country":"AT","wikidata":"Q21869145","wikipedia":"de:Marchkopf"}},
    {"type":"Feature","id":526791694,"geometry":{"type":"Point","coordinates":[11.58743,47.38213]},"properties":{"id":526791694,"name":"Mitterspitze","ele":2496,"country":"AT"}},
    {"type":"Feature","id":2329389974,"geometry":{"type":"Point","coordinates":[11.46214,47.3487]},"properties":{"id":2329389974,"name":"Lafatscher Roßkopf","ele":2494,"country":"AT"}},
    {"type":"Feature","id":2857652306,"geometry":{"type":"Point","coordinates":[11.97263,47.26439]},"properties":{"id":2857652306,"name":"Rifflerkogel","ele":2494,"country":"AT","wikidata":"Q21878273"}},
    {"type":"Feature","id":763107617,"geometry":{"type":"Point","coordinates":[12.0041,47.27145]},"properties":{"id":763107617,"name":"Torhelm","ele":2494,"country":"AT","wikidata":"Q663686","wikipedia":"de:Torhelm"}},
    {"type":"Feature","id":9465985038,"geometry":{"type":"Point","coordinates":[11.35619,47.36103]},"properties":{"id":9465985038,"name":"Hoher Gleirsch","ele":2492,"country":"AT","wikidata":"Q991999","wikipedia":"de:Hoher Gleirsch"}},
    {"type":"Feature","id":526738061,"geometry":{"type":"Point","coordinates":[11.53687,47.37751]},"properties":{"id":526738061,"name":"Plattenspitze","ele":2492,"country":"AT","wikidata":"Q21877827"}},
    {"type":"Feature","id":12582245315,"geometry":{"type":"Point","coordinates":[11.97529,47.25938]},"properties":{"id":12582245315,"name":"Sturmkogel","ele":2488,"country":"AT"}},
    {"type":"Feature","id":4059510444,"geometry":{"type":"Point","coordinates":[11.12649,47.41064]},"properties":{"id":4059510444,"name":"Signalkuppe","ele":2486,"country":"AT/DE"}},
    {"type":"Feature","id":526000148,"geometry":{"type":"Point","coordinates":[11.35449,47.40448]},"properties":{"id":526000148,"name":"Gauggturm","ele":2485,"country":"AT"}},
    {"type":"Feature","id":26863178,"geometry":{"type":"Point","coordinates":[11.35007,47.4475]},"properties":{"id":26863178,"name":"Hochkarspitze","ele":2482,"country":"AT","prominence":662,"wikidata":"Q829835","wikipedia":"de:Hochkarspitze (Karwendel)"}},
    {"type":"Feature","id":1161325579,"geometry":{"type":"Point","coordinates":[11.16635,47.42226]},"properties":{"id":1161325579,"name":"Wettersteinwand","ele":2482,"country":"AT","wikidata":"Q27020458","wikipedia":"de:Wettersteinwand"}},
    {"type":"Feature","id":1588712607,"geometry":{"type":"Point","coordinates":[11.36658,47.31267]},"properties":{"id":1588712607,"name":"Kemacher","ele":2480,"country":"AT","wikidata":"Q18227865","wikipedia":"de:Kemacher"}},
    {"type":"Feature","id":4051533375,"geometry":{"type":"Point","coordinates":[11.13982,47.4138]},"properties":{"id":4051533375,"name":"Musterstein","ele":2478,"country":"AT","wikidata":"Q1310178","wikipedia":"de:Musterstein"}},
    {"type":"Feature","id":2373066248,"geometry":{"type":"Point","coordinates":[11.15023,47.40426]},"properties":{"id":2373066248,"name":"Öfelekopf, Ostgipfel","ele":2478,"country":"AT","wikidata":"Q294087","wikipedia":"de:Öfelekopf"}},
    {"type":"Feature","id":2329390008,"geometry":{"type":"Point","coordinates":[11.50117,47.34714]},"properties":{"id":2329390008,"name":"Signalkopf","ele":2478,"country":"AT"}},
    {"type":"Feature","id":256042874,"geometry":{"type":"Point","coordinates":[11.33814,47.44971]},"properties":{"id":256042874,"name":"Wörner","ele":2476,"country":"AT","wikidata":"Q315922","wikipedia":"de:Wörner (Alpen)"}},
    {"type":"Feature","id":4448987402,"geometry":{"type":"Point","coordinates":[12.13201,47.20135]},"properties":{"id":4448987402,"name":"Steinkarkopf","ele":2475,"country":"AT"}},
    {"type":"Feature","id":4218227956,"geometry":{"type":"Point","coordinates":[11.00543,47.39415]},"properties":{"id":4218227956,"name":"Östlicher Gatterlkopf","ele":2474,"country":"AT"}},
    {"type":"Feature","id":1617864301,"geometry":{"type":"Point","coordinates":[11.4045,47.44702]},"properties":{"id":1617864301,"name":"Hintere Schlichtenkarspitze","ele":2473,"country":"AT","wikidata":"Q21871707"}},
    {"type":"Feature","id":526165356,"geometry":{"type":"Point","coordinates":[11.44336,47.40993]},"properties":{"id":526165356,"name":"Westliche Hochjöchlspitze","ele":2473,"country":"AT"}},
    {"type":"Feature","id":1617914885,"geometry":{"type":"Point","coordinates":[11.43146,47.43954]},"properties":{"id":1617914885,"name":"Grabenkarspitze","ele":2471,"country":"AT","wikidata":"Q1540764","wikipedia":"de:Grabenkarspitze"}},
    {"type":"Feature","id":524786141,"geometry":{"type":"Point","coordinates":[11.39151,47.35099]},"properties":{"id":524786141,"name":"Jägerkarlspitze","ele":2470,"country":"AT"}},
    {"type":"Feature","id":508548887,"geometry":{"type":"Point","coordinates":[11.02718,47.35529]},"properties":{"id":508548887,"name":"Karkopf","ele":2469,"country":"AT","wikidata":"Q21878102"}},
    {"type":"Feature","id":763107618,"geometry":{"type":"Point","coordinates":[12.07862,47.27511]},"properties":{"id":763107618,"name":"Ochsenkopf","ele":2469,"country":"AT","wikidata":"Q20191113","wikipedia":"de:Ochsenkopf (Kitzbüheler Alpen)"}},
    {"type":"Feature","id":2373066246,"geometry":{"type":"Point","coordinates":[11.14805,47.40389]},"properties":{"id":2373066246,"name":"Öfelekopf, Westgipfel","ele":2469,"country":"AT","wikidata":"Q294087","wikipedia":"de:Öfelekopf"}},
    {"type":"Feature","id":2120954408,"geometry":{"type":"Point","coordinates":[12.10305,47.29367]},"properties":{"id":2120954408,"name":"Westlicher Salzachgeier","ele":2469,"country":"AT","wikidata":"Q1748244","wikipedia":"de:Salzachgeier"}},
    {"type":"Feature","id":512555994,"geometry":{"type":"Point","coordinates":[12.10699,47.29298]},"properties":{"id":512555994,"name":"Östlicher Salzachgeier","ele":2466,"country":"AT","wikidata":"Q1748244","wikipedia":"de:Salzachgeier"}},
    {"type":"Feature","id":526186520,"geometry":{"type":"Point","coordinates":[11.47579,47.39348]},"properties":{"id":526186520,"name":"Kühkarlspitze","ele":2465,"country":"AT"}},
    {"type":"Feature","id":2857652501,"geometry":{"type":"Point","coordinates":[11.9856,47.2834]},"properties":{"id":2857652501,"name":"Hüttenkopf","ele":2462,"country":"AT"}},
    {"type":"Feature","id":526791685,"geometry":{"type":"Point","coordinates":[11.57879,47.38132]},"properties":{"id":526791685,"name":"Barthspitze","ele":2461,"country":"AT"}},
    {"type":"Feature","id":2506368453,"geometry":{"type":"Point","coordinates":[11.11182,47.39579]},"properties":{"id":2506368453,"name":"Scharnitzspitze","ele":2461,"country":"DE","wikidata":"Q21865424","wikipedia":"de:Scharnitzspitze"}},
    {"type":"Feature","id":256042809,"geometry":{"type":"Point","coordinates":[11.60514,47.41238]},"properties":{"id":256042809,"name":"Sonnjoch","ele":2458,"country":"AT","prominence":625,"wikidata":"Q873527","wikipedia":"de:Sonnjoch"}},
    {"type":"Feature","id":1079006425,"geometry":{"type":"Point","coordinates":[11.01676,47.23908]},"properties":{"id":1079006425,"name":"Hochwanner","ele":2456,"country":"AT"}},
    {"type":"Feature","id":636020274,"geometry":{"type":"Point","coordinates":[11.72654,47.21916]},"properties":{"id":636020274,"name":"Nafingköpfl","ele":2454,"country":"AT"}},
    {"type":"Feature","id":2110894993,"geometry":{"type":"Point","coordinates":[11.42606,47.32052]},"properties":{"id":2110894993,"name":"Rumer Spitze","ele":2454,"country":"AT","wikidata":"Q1390365","wikipedia":"de:Rumer Spitze"}},
    {"type":"Feature","id":2857652307,"geometry":{"type":"Point","coordinates":[11.98586,47.28894]},"properties":{"id":2857652307,"name":"Schafkopf","ele":2454,"country":"AT"}},
    {"type":"Feature","id":527799240,"geometry":{"type":"Point","coordinates":[11.54878,47.41841]},"properties":{"id":527799240,"name":"Gamsjoch","ele":2452,"country":"AT","prominence":658,"wikidata":"Q874608","wikipedia":"de:Gamsjoch"}},
    {"type":"Feature","id":524786140,"geometry":{"type":"Point","coordinates":[11.38291,47.3563]},"properties":{"id":524786140,"name":"Hinterödkopf","ele":2451,"country":"AT"}},
    {"type":"Feature","id":413592492,"geometry":{"type":"Point","coordinates":[11.06958,47.26018]},"properties":{"id":413592492,"name":"Narrenkopf","ele":2450,"country":"AT"}},
    {"type":"Feature","id":814766027,"geometry":{"type":"Point","coordinates":[12.11704,47.31115]},"properties":{"id":814766027,"name":"Aleitenspitze","ele":2449,"country":"AT","wikidata":"Q19901835","wikipedia":"en:Aleitenspitze"}},
    {"type":"Feature","id":527369349,"geometry":{"type":"Point","coordinates":[11.42683,47.44469]},"properties":{"id":527369349,"name":"Grabenkarturm","ele":2448,"country":"AT"}},
    {"type":"Feature","id":472467253,"geometry":{"type":"Point","coordinates":[12.11427,47.31452]},"properties":{"id":472467253,"name":"Schafsiedel","ele":2447,"country":"AT","wikidata":"Q2230190","wikipedia":"de:Schafsiedel"}},
    {"type":"Feature","id":1079006434,"geometry":{"type":"Point","coordinates":[11.0452,47.22885]},"properties":{"id":1079006434,"name":"Kleiner Mugkogel","ele":2446,"country":"AT"}},
    {"type":"Feature","id":3257264484,"geometry":{"type":"Point","coordinates":[11.80103,47.24382]},"properties":{"id":3257264484,"name":"Gipfel","ele":2445,"country":"AT"}},
    {"type":"Feature","id":524463186,"geometry":{"type":"Point","coordinates":[11.3695,47.31258]},"properties":{"id":524463186,"name":"Westliche Kaminspitze","ele":2445,"country":"AT"}},
    {"type":"Feature","id":256041884,"geometry":{"type":"Point","coordinates":[12.16495,47.29874]},"properties":{"id":256041884,"name":"Kröndlhorn","ele":2444,"country":"AT","wikidata":"Q6440531","wikipedia":"de:Kröndlhorn"}},
    {"type":"Feature","id":3634965712,"geometry":{"type":"Point","coordinates":[11.13536,47.41274]},"properties":{"id":3634965712,"name":"Östliche Törlspitze","ele":2444,"country":"DE"}},
    {"type":"Feature","id":11196097943,"geometry":{"type":"Point","coordinates":[11.81708,47.25497]},"properties":{"id":11196097943,"name":"Wimbachkopf","ele":2442,"country":"AT","wikidata":"Q21878281"}},
    {"type":"Feature","id":1481053921,"geometry":{"type":"Point","coordinates":[12.16469,47.3012]},"properties":{"id":1481053921,"name":"Kröndlberg","ele":2440,"country":"AT"}},
    {"type":"Feature","id":6631990152,"geometry":{"type":"Point","coordinates":[11.10029,47.39434]},"properties":{"id":6631990152,"name":"Teufelskopf","ele":2440,"country":"DE","wikidata":"Q21878034"}},
    {"type":"Feature","id":423342275,"geometry":{"type":"Point","coordinates":[11.54546,47.41784]},"properties":{"id":423342275,"name":"Gamsjoch Westgipfel","ele":2438,"country":"AT","wikidata":"Q874608","wikipedia":"de:Gamsjoch"}},
    {"type":"Feature","id":524778997,"geometry":{"type":"Point","coordinates":[11.37083,47.35667]},"properties":{"id":524778997,"name":"Innere Rigelkarspitze","ele":2438,"country":"AT"}},
    {"type":"Feature","id":526165351,"geometry":{"type":"Point","coordinates":[11.44465,47.39252]},"properties":{"id":526165351,"name":"Großer Heißenkopf","ele":2437,"country":"AT"}},
    {"type":"Feature","id":526023635,"geometry":{"type":"Point","coordinates":[11.38587,47.41484]},"properties":{"id":526023635,"name":"Bockkarlspitze","ele":2435,"country":"AT"}},
    {"type":"Feature","id":524463183,"geometry":{"type":"Point","coordinates":[11.3724,47.31232]},"properties":{"id":524463183,"name":"Mittlere Kaminspitze","ele":2435,"country":"AT"}},
    {"type":"Feature","id":524463190,"geometry":{"type":"Point","coordinates":[11.37428,47.31227]},"properties":{"id":524463190,"name":"Östliche Kaminspitze","ele":2435,"country":"AT"}},
    {"type":"Feature","id":3257226362,"geometry":{"type":"Point","coordinates":[11.75519,47.24227]},"properties":{"id":3257226362,"name":"Pfaffenbichl","ele":2431,"country":"AT","wikidata":"Q111057674","wikipedia":"de:Pfaffenbichl"}},
    {"type":"Feature","id":380969481,"geometry":{"type":"Point","coordinates":[11.32124,47.43773]},"properties":{"id":380969481,"name":"Tiefkarspitze","ele":2430,"country":"DE","wikidata":"Q21863490","wikipedia":"de:Tiefkarspitze"}},
    {"type":"Feature","id":1617864292,"geometry":{"type":"Point","coordinates":[11.51913,47.43512]},"properties":{"id":1617864292,"name":"Laliderer Falk","ele":2428,"country":"AT","prominence":654,"wikidata":"Q1312315","wikipedia":"de:Laliderer Falk"}},
    {"type":"Feature","id":944092774,"geometry":{"type":"Point","coordinates":[11.13012,47.41264]},"properties":{"id":944092774,"name":"Westliche Törlspitze","ele":2427,"country":"DE"}},
    {"type":"Feature","id":1919010398,"geometry":{"type":"Point","coordinates":[11.79632,47.24032]},"properties":{"id":1919010398,"name":"Kraxentrager","ele":2425,"country":"AT","wikidata":"Q21878314"}},
    {"type":"Feature","id":256041702,"geometry":{"type":"Point","coordinates":[11.97588,47.33684]},"properties":{"id":256041702,"name":"Großer Galtenberg","ele":2424,"country":"AT","wikidata":"Q655945","wikipedia":"de:Großer Galtenberg"}},
    {"type":"Feature","id":4693741078,"geometry":{"type":"Point","coordinates":[12.10363,47.29806]},"properties":{"id":4693741078,"name":"Molterfeldgeier","ele":2422,"country":"AT"}},
    {"type":"Feature","id":508509265,"geometry":{"type":"Point","coordinates":[11.05459,47.42195]},"properties":{"id":508509265,"name":"Blassenspitze","ele":2420,"country":"DE"}},
    {"type":"Feature","id":1838495476,"geometry":{"type":"Point","coordinates":[12.0772,47.26793]},"properties":{"id":1838495476,"name":"Falschriedel","ele":2420,"country":"AT"}},
    {"type":"Feature","id":527347955,"geometry":{"type":"Point","coordinates":[11.33451,47.4473]},"properties":{"id":527347955,"name":"Nördliche Großkarspitze","ele":2420,"country":"AT"}},
    {"type":"Feature","id":3089147113,"geometry":{"type":"Point","coordinates":[11.13219,47.24325]},"properties":{"id":3089147113,"name":"Brechten","ele":2419,"country":"AT"}},
    {"type":"Feature","id":526791683,"geometry":{"type":"Point","coordinates":[11.58898,47.37754]},"properties":{"id":526791683,"name":"Mitterkarlspitze","ele":2418,"country":"AT"}},
    {"type":"Feature","id":527373745,"geometry":{"type":"Point","coordinates":[11.44381,47.43755]},"properties":{"id":527373745,"name":"Lackenkarkopf","ele":2416,"country":"AT","wikidata":"Q15118012","wikipedia":"de:Lackenkarkopf"}},
    {"type":"Feature","id":1612610943,"geometry":{"type":"Point","coordinates":[11.50685,47.43869]},"properties":{"id":1612610943,"name":"Risser Falk","ele":2414,"country":"AT","wikidata":"Q2154831","wikipedia":"de:Risser Falk"}},
    {"type":"Feature","id":8441631050,"geometry":{"type":"Point","coordinates":[11.65414,47.21218]},"properties":{"id":8441631050,"name":"Lanner Kreuz","ele":2412,"country":"AT","prominence":33}},
    {"type":"Feature","id":524778993,"geometry":{"type":"Point","coordinates":[11.36435,47.35767]},"properties":{"id":524778993,"name":"Äußere Rigelkarspitze","ele":2407,"country":"AT"}},
    {"type":"Feature","id":293014597,"geometry":{"type":"Point","coordinates":[11.28504,47.32012]},"properties":{"id":293014597,"name":"Erlspitze","ele":2405,"country":"AT","prominence":607,"wikidata":"Q1355688","wikipedia":"de:Erlspitze"}},
    {"type":"Feature","id":3916774211,"geometry":{"type":"Point","coordinates":[12.20797,47.20388]},"properties":{"id":3916774211,"name":"Zwölfer","ele":2404,"country":"AT"}},
    {"type":"Feature","id":2120954382,"geometry":{"type":"Point","coordinates":[12.10597,47.29917]},"properties":{"id":2120954382,"name":"Fünfmandling","ele":2403,"country":"AT"}},
    {"type":"Feature","id":12468970499,"geometry":{"type":"Point","coordinates":[11.0616,47.40002]},"properties":{"id":12468970499,"name":"Höhlenkopf","ele":2403,"country":"DE"}},
    {"type":"Feature","id":3419496216,"geometry":{"type":"Point","coordinates":[11.65087,47.23348]},"properties":{"id":3419496216,"name":"Sagspitze","ele":2401,"country":"AT"}},
    {"type":"Feature","id":256041862,"geometry":{"type":"Point","coordinates":[11.45612,47.43617]},"properties":{"id":256041862,"name":"Kuhkopf","ele":2399,"country":"AT","wikidata":"Q873280","wikipedia":"de:Kuhkopf (Karwendel)"}},
    {"type":"Feature","id":1161325584,"geometry":{"type":"Point","coordinates":[11.17621,47.42409]},"properties":{"id":1161325584,"name":"Rotplattenspitze","ele":2399,"country":"AT","wikidata":"Q31555579"}},
    {"type":"Feature","id":2986107483,"geometry":{"type":"Point","coordinates":[11.01701,47.20058]},"properties":{"id":2986107483,"name":"Die Mute","ele":2398,"country":"AT","wikidata":"Q2113722"}},
    {"type":"Feature","id":526266595,"geometry":{"type":"Point","coordinates":[11.48566,47.36466]},"properties":{"id":526266595,"name":"Hallerangerspitze","ele":2398,"country":"AT"}},
    {"type":"Feature","id":7574480214,"geometry":{"type":"Point","coordinates":[11.51753,47.20804]},"properties":{"id":7574480214,"name":"Vorderer Schönbichl","ele":2397,"country":"AT"}},
    {"type":"Feature","id":2857652303,"geometry":{"type":"Point","coordinates":[11.96838,47.26952]},"properties":{"id":2857652303,"name":"Manskirch","ele":2393,"country":"AT"}},
    {"type":"Feature","id":1374021900,"geometry":{"type":"Point","coordinates":[12.14686,47.27678]},"properties":{"id":1374021900,"name":"Baumgartgeier","ele":2392,"country":"AT","wikidata":"Q21873525"}},
    {"type":"Feature","id":526027935,"geometry":{"type":"Point","coordinates":[11.37969,47.39241]},"properties":{"id":526027935,"name":"Unterer Spitzhüttenkopf","ele":2390,"country":"AT"}},
    {"type":"Feature","id":1879346051,"geometry":{"type":"Point","coordinates":[12.06204,47.2862]},"properties":{"id":1879346051,"name":"Pallspitze","ele":2389,"country":"AT","wikidata":"Q21864749"}},
    {"type":"Feature","id":2445853408,"geometry":{"type":"Point","coordinates":[11.00013,47.42965]},"properties":{"id":2445853408,"name":"Riffelköpfe","ele":2389,"country":"DE"}},
    {"type":"Feature","id":12419710210,"geometry":{"type":"Point","coordinates":[12.1305,47.20399]},"properties":{"id":12419710210,"name":"Schneckenköpfe","ele":2389,"country":"AT"}},
    {"type":"Feature","id":671313716,"geometry":{"type":"Point","coordinates":[11.75308,47.23592]},"properties":{"id":671313716,"name":"Kleiner Gilfert","ele":2388,"country":"AT","wikidata":"Q15117013","wikipedia":"de:Kleiner Gilfert"}},
    {"type":"Feature","id":524435076,"geometry":{"type":"Point","coordinates":[11.3385,47.3101]},"properties":{"id":524435076,"name":"Hippenspitze","ele":2386,"country":"AT"}},
    {"type":"Feature","id":3730237485,"geometry":{"type":"Point","coordinates":[11.80571,47.26119]},"properties":{"id":3730237485,"name":"Hüttenkogel","ele":2386,"country":"AT"}},
    {"type":"Feature","id":256041839,"geometry":{"type":"Point","coordinates":[11.29886,47.43002]},"properties":{"id":256041839,"name":"Westliche Karwendelspitze","ele":2385,"country":"DE","wikidata":"Q316308","wikipedia":"de:Westliche Karwendelspitze"}},
    {"type":"Feature","id":2825970217,"geometry":{"type":"Point","coordinates":[11.58998,47.22458]},"properties":{"id":2825970217,"name":"Roßkopf","ele":2382,"country":"AT"}},
    {"type":"Feature","id":527799237,"geometry":{"type":"Point","coordinates":[11.55179,47.41916]},"properties":{"id":527799237,"name":"Gamsjoch Ostgipfel","ele":2380,"country":"AT","wikidata":"Q874608","wikipedia":"de:Gamsjoch"}},
    {"type":"Feature","id":526738057,"geometry":{"type":"Point","coordinates":[11.55742,47.36875]},"properties":{"id":526738057,"name":"Spitzkarlspitze","ele":2376,"country":"AT"}},
    {"type":"Feature","id":323717920,"geometry":{"type":"Point","coordinates":[11.02952,47.39363]},"properties":{"id":323717920,"name":"Hoher Kamm","ele":2375,"country":"AT","wikidata":"Q21868026"}},
    {"type":"Feature","id":524453548,"geometry":{"type":"Point","coordinates":[11.36521,47.31852]},"properties":{"id":524453548,"name":"Kumpfkarspitze","ele":2375,"country":"AT"}},
    {"type":"Feature","id":453493782,"geometry":{"type":"Point","coordinates":[11.23596,47.32315]},"properties":{"id":453493782,"name":"Reither Spitze","ele":2374,"country":"AT","wikidata":"Q1000705","wikipedia":"de:Reither Spitze"}},
    {"type":"Feature","id":524663460,"geometry":{"type":"Point","coordinates":[11.41046,47.32449]},"properties":{"id":524663460,"name":"Südliches Gleierschtaler Brandjoch","ele":2374,"country":"AT","wikidata":"Q972538","wikipedia":"de:Gleirschtaler Brandjoch"}},
    {"type":"Feature","id":636034565,"geometry":{"type":"Point","coordinates":[11.72779,47.2281]},"properties":{"id":636034565,"name":"Hoher Kopf","ele":2373,"country":"AT"}},
    {"type":"Feature","id":293247920,"geometry":{"type":"Point","coordinates":[11.29306,47.42798]},"properties":{"id":293247920,"name":"Nördliche Linderspitze","ele":2372,"country":"DE","wikidata":"Q15849891","wikipedia":"de:Linderspitzen"}},
    {"type":"Feature","id":524663458,"geometry":{"type":"Point","coordinates":[11.41016,47.32615]},"properties":{"id":524663458,"name":"Nördliches Gleierschtaler Brandjoch","ele":2372,"country":"AT","wikidata":"Q972538","wikipedia":"de:Gleirschtaler Brandjoch"}},
    {"type":"Feature","id":333510421,"geometry":{"type":"Point","coordinates":[11.06641,47.20826]},"properties":{"id":333510421,"name":"Rotjoch","ele":2372,"country":"AT"}},
    {"type":"Feature","id":12097971760,"geometry":{"type":"Point","coordinates":[11.11519,47.40606]},"properties":{"id":12097971760,"name":"Oberreintaldom","ele":2371,"country":"DE"}},
    {"type":"Feature","id":3777140321,"geometry":{"type":"Point","coordinates":[11.12808,47.41508]},"properties":{"id":3777140321,"name":"Frauenalplspitz","ele":2369,"country":"DE","wikidata":"Q31555531"}},
    {"type":"Feature","id":524453541,"geometry":{"type":"Point","coordinates":[11.35263,47.30776]},"properties":{"id":524453541,"name":"Östliche Sattelspitze","ele":2369,"country":"AT"}},
    {"type":"Feature","id":4938279910,"geometry":{"type":"Point","coordinates":[11.03083,47.41434]},"properties":{"id":4938279910,"name":"Kleiner Kirchturm","ele":2368,"country":"DE","wikidata":"Q31534553"}},
    {"type":"Feature","id":310564229,"geometry":{"type":"Point","coordinates":[11.13514,47.38676]},"properties":{"id":310564229,"name":"Gehrenspitze","ele":2367,"country":"AT","wikidata":"Q1368332","wikipedia":"de:Gehrenspitze (Wetterstein)"}},
    {"type":"Feature","id":12301079342,"geometry":{"type":"Point","coordinates":[12.29659,47.33261]},"properties":{"id":12301079342,"name":"Großer Rettenstein","ele":2366,"country":"AT","prominence":680,"wikidata":"Q671133","wikipedia":"de:Großer Rettenstein"}},
    {"type":"Feature","id":524663446,"geometry":{"type":"Point","coordinates":[11.40713,47.31966]},"properties":{"id":524663446,"name":"Mandlspitze","ele":2366,"country":"AT","wikidata":"Q116603562"}},
    {"type":"Feature","id":26863058,"geometry":{"type":"Point","coordinates":[12.29629,47.33311]},"properties":{"id":26863058,"name":"Großer Rettenstein Kreuzgipfel","ele":2362,"country":"AT"}},
    {"type":"Feature","id":527343336,"geometry":{"type":"Point","coordinates":[11.31344,47.4308]},"properties":{"id":527343336,"name":"Östliche Larchetfleckspitze","ele":2362,"country":"DE"}},
    {"type":"Feature","id":1374025723,"geometry":{"type":"Point","coordinates":[12.14431,47.28913]},"properties":{"id":1374025723,"name":"Dristkopf","ele":2361,"country":"AT","wikidata":"Q55058641","wikipedia":"de:Tristkopf (Kitzbüheler Alpen)"}},
    {"type":"Feature","id":2825970312,"geometry":{"type":"Point","coordinates":[11.78285,47.21073]},"properties":{"id":2825970312,"name":"Sandegg","ele":2360,"country":"AT"}},
    {"type":"Feature","id":9465862396,"geometry":{"type":"Point","coordinates":[11.35921,47.3505]},"properties":{"id":9465862396,"name":"Kleiner Katzenkopf","ele":2359,"country":"AT"}},
    {"type":"Feature","id":5659126198,"geometry":{"type":"Point","coordinates":[12.29917,47.33132]},"properties":{"id":5659126198,"name":"Rettenstein Pinzgauer Gipfel","ele":2357,"country":"AT"}},
    {"type":"Feature","id":1617914845,"geometry":{"type":"Point","coordinates":[11.39878,47.44754]},"properties":{"id":1617914845,"name":"Vordere Schlichtenkarspitze","ele":2356,"country":"DE","wikidata":"Q21873245"}},
    {"type":"Feature","id":4944025921,"geometry":{"type":"Point","coordinates":[11.0725,47.40179]},"properties":{"id":4944025921,"name":"Jungfernkarkopf","ele":2355,"country":"DE"}},
    {"type":"Feature","id":3257226361,"geometry":{"type":"Point","coordinates":[11.74625,47.25076]},"properties":{"id":3257226361,"name":"Metzen","ele":2355,"country":"AT"}},
    {"type":"Feature","id":1376166770,"geometry":{"type":"Point","coordinates":[12.11447,47.30631]},"properties":{"id":1376166770,"name":"Schwebenkopf","ele":2354,"country":"AT"}},
    {"type":"Feature","id":3777140322,"geometry":{"type":"Point","coordinates":[11.12771,47.41669]},"properties":{"id":3777140322,"name":"Frauenalplkopf","ele":2352,"country":"DE","wikidata":"Q31555471"}},
    {"type":"Feature","id":524599029,"geometry":{"type":"Point","coordinates":[11.37928,47.31217]},"properties":{"id":524599029,"name":"Seegrubenspitze","ele":2350,"country":"AT"}},
    {"type":"Feature","id":3912838630,"geometry":{"type":"Point","coordinates":[12.22519,47.20669]},"properties":{"id":3912838630,"name":"Hochwinkelkarkopf","ele":2348,"country":"AT"}},
    {"type":"Feature","id":1376160103,"geometry":{"type":"Point","coordinates":[12.09467,47.28631]},"properties":{"id":1376160103,"name":"Kleefeldkopf","ele":2348,"country":"AT","wikidata":"Q21868440"}},
    {"type":"Feature","id":1617864281,"geometry":{"type":"Point","coordinates":[11.51236,47.42714]},"properties":{"id":1617864281,"name":"Steinfalk","ele":2348,"country":"AT","wikidata":"Q873112","wikipedia":"de:Steinfalk"}},
    {"type":"Feature","id":1620258552,"geometry":{"type":"Point","coordinates":[11.44518,47.32535]},"properties":{"id":1620258552,"name":"Pfeiserspitze","ele":2345,"country":"AT","wikidata":"Q2083575","wikipedia":"de:Pfeiser Spitze"}},
    {"type":"Feature","id":2857652201,"geometry":{"type":"Point","coordinates":[12.00926,47.28195]},"properties":{"id":2857652201,"name":"Grubachkogel","ele":2343,"country":"AT"}},
    {"type":"Feature","id":256041877,"geometry":{"type":"Point","coordinates":[11.77054,47.31906]},"properties":{"id":256041877,"name":"Kreuzjoch / Kellerjoch","ele":2343,"country":"AT","prominence":669,"wikidata":"Q877618","wikipedia":"de:Kellerjoch"}},
    {"type":"Feature","id":3207085836,"geometry":{"type":"Point","coordinates":[11.96023,47.27327]},"properties":{"id":3207085836,"name":"Mannskopf","ele":2340,"country":"AT"}},
    {"type":"Feature","id":1376160102,"geometry":{"type":"Point","coordinates":[12.08631,47.28258]},"properties":{"id":1376160102,"name":"Nebelkarsspitze","ele":2339,"country":"AT"}},
    {"type":"Feature","id":524453536,"geometry":{"type":"Point","coordinates":[11.35151,47.3061]},"properties":{"id":524453536,"name":"Westliche Sattelspitze","ele":2339,"country":"AT"}},
    {"type":"Feature","id":6530414814,"geometry":{"type":"Point","coordinates":[11.08308,47.40239]},"properties":{"id":6530414814,"name":"Kleiner Hundsstallkopf","ele":2338,"country":"DE","wikidata":"Q31555357"}},
    {"type":"Feature","id":480702787,"geometry":{"type":"Point","coordinates":[11.80087,47.23305]},"properties":{"id":480702787,"name":"Kreuzjoch","ele":2338,"country":"AT"}},
    {"type":"Feature","id":3257227249,"geometry":{"type":"Point","coordinates":[11.73676,47.26924]},"properties":{"id":3257227249,"name":"Wetterkreuz","ele":2337,"country":"AT"}},
    {"type":"Feature","id":1620258707,"geometry":{"type":"Point","coordinates":[11.38632,47.31283]},"properties":{"id":1620258707,"name":"Hafelekarspitze","ele":2334,"country":"AT","wikidata":"Q875071","wikipedia":"de:Hafelekarspitze"}},
    {"type":"Feature","id":526813245,"geometry":{"type":"Point","coordinates":[11.64232,47.36826]},"properties":{"id":526813245,"name":"Mittagsspitze","ele":2333,"country":"AT","wikidata":"Q21877830"}},
    {"type":"Feature","id":524403660,"geometry":{"type":"Point","coordinates":[11.25557,47.31773]},"properties":{"id":524403660,"name":"Freiungen (W)","ele":2332,"country":"AT","wikidata":"Q1454836","wikipedia":"de:Freiungspitzen"}},
    {"type":"Feature","id":1620258545,"geometry":{"type":"Point","coordinates":[11.44838,47.32542]},"properties":{"id":1620258545,"name":"Lattenspitze","ele":2330,"country":"AT"}},
    {"type":"Feature","id":2134537578,"geometry":{"type":"Point","coordinates":[12.04576,47.2729]},"properties":{"id":2134537578,"name":"Kastenwendenkopf","ele":2329,"country":"AT","wikidata":"Q21878255"}},
    {"type":"Feature","id":2857652403,"geometry":{"type":"Point","coordinates":[11.96001,47.27667]},"properties":{"id":2857652403,"name":"Speikspitze","ele":2324,"country":"AT"}},
    {"type":"Feature","id":527360269,"geometry":{"type":"Point","coordinates":[11.39034,47.44687]},"properties":{"id":527360269,"name":"Bäralplkopf","ele":2323,"country":"DE","wikidata":"Q21927860"}},
    {"type":"Feature","id":527355015,"geometry":{"type":"Point","coordinates":[11.36471,47.44488]},"properties":{"id":527355015,"name":"Raffelspitze","ele":2323,"country":"AT","wikidata":"Q21864998"}},
    {"type":"Feature","id":1617863922,"geometry":{"type":"Point","coordinates":[11.60626,47.37367]},"properties":{"id":1617863922,"name":"Rotwandlspitze","ele":2322,"country":"AT","wikidata":"Q15273395","wikipedia":"de:Rotwandlspitze"}},
    {"type":"Feature","id":1621410409,"geometry":{"type":"Point","coordinates":[11.48137,47.3647]},"properties":{"id":1621410409,"name":"Sunntigerspitze","ele":2322,"country":"AT","wikidata":"Q736430","wikipedia":"de:Sunntigerspitze"}},
    {"type":"Feature","id":1676377698,"geometry":{"type":"Point","coordinates":[11.29261,47.41867]},"properties":{"id":1676377698,"name":"Sulzleklammspitze","ele":2321,"country":"DE","wikidata":"Q31517989"}},
    {"type":"Feature","id":4581844327,"geometry":{"type":"Point","coordinates":[11.59136,47.23224]},"properties":{"id":4581844327,"name":"Wattenspitze","ele":2321,"country":"AT"}},
    {"type":"Feature","id":2329366385,"geometry":{"type":"Point","coordinates":[11.52396,47.33559]},"properties":{"id":2329366385,"name":"Große Wechselspitze","ele":2319,"country":"AT"}},
    {"type":"Feature","id":526791654,"geometry":{"type":"Point","coordinates":[11.57856,47.36247]},"properties":{"id":526791654,"name":"Huderbankspitze","ele":2318,"country":"AT"}},
    {"type":"Feature","id":889074510,"geometry":{"type":"Point","coordinates":[11.97172,47.33121]},"properties":{"id":889074510,"name":"Kleiner Galtenberg","ele":2318,"country":"AT"}},
    {"type":"Feature","id":3419494406,"geometry":{"type":"Point","coordinates":[11.64866,47.24043]},"properties":{"id":3419494406,"name":"Poverer Jöchl","ele":2318,"country":"AT","wikidata":"Q21864919"}},
    {"type":"Feature","id":524663440,"geometry":{"type":"Point","coordinates":[11.39818,47.31564]},"properties":{"id":524663440,"name":"Gleirschspitze","ele":2317,"country":"AT","wikidata":"Q1530467","wikipedia":"de:Gleirschspitze"}},
    {"type":"Feature","id":1374050237,"geometry":{"type":"Point","coordinates":[12.08979,47.26147]},"properties":{"id":1374050237,"name":"Königsleitenspitze","ele":2315,"country":"AT","wikidata":"Q27851264"}},
    {"type":"Feature","id":4451122618,"geometry":{"type":"Point","coordinates":[12.18604,47.27326]},"properties":{"id":4451122618,"name":"Laubkogel","ele":2314,"country":"AT","wikidata":"Q21868920"}},
    {"type":"Feature","id":3916774203,"geometry":{"type":"Point","coordinates":[12.20992,47.21226]},"properties":{"id":3916774203,"name":"Achkogel","ele":2313,"country":"AT","wikidata":"Q21873264"}},
    {"type":"Feature","id":3865620504,"geometry":{"type":"Point","coordinates":[11.77615,47.32027]},"properties":{"id":3865620504,"name":"Metzenjoch","ele":2313,"country":"AT"}},
    {"type":"Feature","id":526813243,"geometry":{"type":"Point","coordinates":[11.63577,47.36669]},"properties":{"id":526813243,"name":"Schneekopf","ele":2313,"country":"AT","wikidata":"Q112764119"}},
    {"type":"Feature","id":2095997133,"geometry":{"type":"Point","coordinates":[11.53648,47.21931]},"properties":{"id":2095997133,"name":"Schartenkogel","ele":2311,"country":"AT","wikidata":"Q21878347"}},
    {"type":"Feature","id":2730701045,"geometry":{"type":"Point","coordinates":[12.08725,47.20175]},"properties":{"id":2730701045,"name":"Pfannkogel","ele":2310,"country":"AT"}},
    {"type":"Feature","id":444566938,"geometry":{"type":"Point","coordinates":[12.02705,47.34149]},"properties":{"id":444566938,"name":"Großer Beil","ele":2309,"country":"AT","wikidata":"Q1548601","wikipedia":"de:Großer Beil"}},
    {"type":"Feature","id":4560798598,"geometry":{"type":"Point","coordinates":[11.4402,47.32274]},"properties":{"id":4560798598,"name":"Thaurer Jochspitze","ele":2309,"country":"AT"}},
    {"type":"Feature","id":2857652402,"geometry":{"type":"Point","coordinates":[11.98717,47.24122]},"properties":{"id":2857652402,"name":"Pfeiler","ele":2308,"country":"AT"}},
    {"type":"Feature","id":758859277,"geometry":{"type":"Point","coordinates":[11.13466,47.25021]},"properties":{"id":758859277,"name":"Rauher Kopf","ele":2308,"country":"AT","wikidata":"Q21878292"}},
    {"type":"Feature","id":2120954395,"geometry":{"type":"Point","coordinates":[12.18017,47.30024]},"properties":{"id":2120954395,"name":"Mitterkopf","ele":2306,"country":"AT"}},
    {"type":"Feature","id":1617863773,"geometry":{"type":"Point","coordinates":[11.60735,47.42273]},"properties":{"id":1617863773,"name":"Schaufelspitze","ele":2306,"country":"AT","wikidata":"Q1360903","wikipedia":"de:Schaufelspitze (Karwendel)"}},
    {"type":"Feature","id":623962933,"geometry":{"type":"Point","coordinates":[11.49886,47.21352]},"properties":{"id":623962933,"name":"Viggarspitze","ele":2306,"country":"AT","wikidata":"Q21878354"}},
    {"type":"Feature","id":5926552247,"geometry":{"type":"Point","coordinates":[11.1484,47.41778]},"properties":{"id":5926552247,"name":"Drei Scharten","ele":2304,"country":"DE"}},
    {"type":"Feature","id":1621410585,"geometry":{"type":"Point","coordinates":[11.29044,47.42303]},"properties":{"id":1621410585,"name":"Südliche Linderspitze","ele":2304,"country":"AT","wikidata":"Q15849891","wikipedia":"de:Linderspitzen"}},
    {"type":"Feature","id":256042829,"geometry":{"type":"Point","coordinates":[12.29148,47.55535]},"properties":{"id":256042829,"name":"Treffauer","ele":2304,"country":"AT","wikidata":"Q431070","wikipedia":"de:Treffauer"}},
    {"type":"Feature","id":1621410656,"geometry":{"type":"Point","coordinates":[11.28706,47.42708]},"properties":{"id":1621410656,"name":"Gerberkreuz","ele":2303,"country":"DE","wikidata":"Q31555001"}},
    {"type":"Feature","id":527343335,"geometry":{"type":"Point","coordinates":[11.31138,47.43043]},"properties":{"id":527343335,"name":"Westliche Larchetfleckspitze","ele":2303,"country":"DE"}},
    {"type":"Feature","id":6690737689,"geometry":{"type":"Point","coordinates":[11.29284,47.41553]},"properties":{"id":6690737689,"name":"Kirchlespitze","ele":2301,"country":"DE","wikidata":"Q21879083"}},
    {"type":"Feature","id":525268948,"geometry":{"type":"Point","coordinates":[11.64443,47.36757]},"properties":{"id":525268948,"name":"Fiechter Spitze","ele":2299,"country":"AT","wikidata":"Q1411473","wikipedia":"de:Fiechter Spitze"}},
    {"type":"Feature","id":26863175,"geometry":{"type":"Point","coordinates":[11.76481,47.45845]},"properties":{"id":26863175,"name":"Hochiss","ele":2299,"country":"AT","prominence":1359,"wikidata":"Q494163","wikipedia":"de:Hochiss"}},
    {"type":"Feature","id":1391220938,"geometry":{"type":"Point","coordinates":[12.23679,47.29863]},"properties":{"id":1391220938,"name":"Steinkogel","ele":2299,"country":"AT","wikidata":"Q21863270"}},
    {"type":"Feature","id":524403658,"geometry":{"type":"Point","coordinates":[11.27138,47.31495]},"properties":{"id":524403658,"name":"Kuhljochspitze","ele":2297,"country":"AT","wikidata":"Q1791229","wikipedia":"de:Kuhljochspitze"}},
    {"type":"Feature","id":348139963,"geometry":{"type":"Point","coordinates":[11.19101,47.42696]},"properties":{"id":348139963,"name":"Obere Wettersteinspitze","ele":2297,"country":"DE","wikidata":"Q2566053","wikipedia":"de:Wettersteinspitzen"}},
    {"type":"Feature","id":527347953,"geometry":{"type":"Point","coordinates":[11.33132,47.43901]},"properties":{"id":527347953,"name":"Schönbergspitze","ele":2294,"country":"AT"}},
    {"type":"Feature","id":4685491335,"geometry":{"type":"Point","coordinates":[12.29794,47.21748]},"properties":{"id":4685491335,"name":"Leutachkopf","ele":2293,"country":"AT"}},
    {"type":"Feature","id":2730700953,"geometry":{"type":"Point","coordinates":[12.11704,47.32261]},"properties":{"id":2730700953,"name":"Herzogkogel","ele":2292,"country":"AT"}},
    {"type":"Feature","id":2120954403,"geometry":{"type":"Point","coordinates":[12.16911,47.29]},"properties":{"id":2120954403,"name":"Sonnwendkogel","ele":2289,"country":"AT"}},
    {"type":"Feature","id":527347954,"geometry":{"type":"Point","coordinates":[11.3307,47.44315]},"properties":{"id":527347954,"name":"Südliche Großkarspitze","ele":2289,"country":"AT"}},
    {"type":"Feature","id":1833449085,"geometry":{"type":"Point","coordinates":[11.06338,47.42233]},"properties":{"id":1833449085,"name":"Hoher Gaif","ele":2288,"country":"DE","wikidata":"Q31539054"}},
    {"type":"Feature","id":2730701116,"geometry":{"type":"Point","coordinates":[12.02281,47.32162]},"properties":{"id":2730701116,"name":"Sonnenjoch","ele":2287,"country":"AT","wikidata":"Q2301950","wikipedia":"de:Sonnenjoch"}},
    {"type":"Feature","id":2856336765,"geometry":{"type":"Point","coordinates":[11.50283,47.21687]},"properties":{"id":2856336765,"name":"Neunerspitze","ele":2285,"country":"AT"}},
    {"type":"Feature","id":5928695281,"geometry":{"type":"Point","coordinates":[11.36286,47.32113]},"properties":{"id":5928695281,"name":"Raggenkopf","ele":2281,"country":"AT"}},
    {"type":"Feature","id":13232411750,"geometry":{"type":"Point","coordinates":[11.55539,47.41752]},"properties":{"id":13232411750,"name":"Gamsjoch Ostpfeiler","ele":2280,"country":"AT"}},
    {"type":"Feature","id":6669914064,"geometry":{"type":"Point","coordinates":[11.8114,47.22973]},"properties":{"id":6669914064,"name":"Mitterwandskopf","ele":2280,"country":"AT"}},
    {"type":"Feature","id":9465985036,"geometry":{"type":"Point","coordinates":[11.35895,47.36347]},"properties":{"id":9465985036,"name":"Wasserkarlspitze","ele":2279,"country":"AT"}},
    {"type":"Feature","id":2857652305,"geometry":{"type":"Point","coordinates":[11.98634,47.23474]},"properties":{"id":2857652305,"name":"Richtberg","ele":2278,"country":"AT"}},
    {"type":"Feature","id":527842992,"geometry":{"type":"Point","coordinates":[11.62297,47.38699]},"properties":{"id":527842992,"name":"Rauher Knöll","ele":2277,"country":"AT","wikidata":"Q14538474","wikipedia":"de:Rauer Knöll"}},
    {"type":"Feature","id":508474971,"geometry":{"type":"Point","coordinates":[11.02329,47.4462]},"properties":{"id":508474971,"name":"Großer Waxenstein","ele":2276,"country":"DE","wikidata":"Q256209"}},
    {"type":"Feature","id":6530414816,"geometry":{"type":"Point","coordinates":[11.1403,47.41721]},"properties":{"id":6530414816,"name":"Hirschbichlkopf","ele":2276,"country":"DE","wikidata":"Q31555502"}},
    {"type":"Feature","id":1833449059,"geometry":{"type":"Point","coordinates":[11.00522,47.4239]},"properties":{"id":1833449059,"name":"Bergl","ele":2272,"country":"DE","wikidata":"Q31555547"}},
    {"type":"Feature","id":1627270003,"geometry":{"type":"Point","coordinates":[11.35047,47.30518]},"properties":{"id":1627270003,"name":"Frau Hitt","ele":2270,"country":"AT","wikidata":"Q877602","wikipedia":"de:Frau Hitt"}},
    {"type":"Feature","id":1617863560,"geometry":{"type":"Point","coordinates":[11.61775,47.43094]},"properties":{"id":1617863560,"name":"Bettlerkarspitze","ele":2268,"country":"AT","wikidata":"Q850158","wikipedia":"de:Bettlerkarspitze"}},
    {"type":"Feature","id":1499407286,"geometry":{"type":"Point","coordinates":[11.34347,47.29569]},"properties":{"id":1499407286,"name":"Brandjochkreuz","ele":2268,"country":"AT","wikidata":"Q110087268"}},
    {"type":"Feature","id":508474984,"geometry":{"type":"Point","coordinates":[11.01747,47.44394]},"properties":{"id":508474984,"name":"Hinterer Waxenstein","ele":2268,"country":"DE"}},
    {"type":"Feature","id":1374034584,"geometry":{"type":"Point","coordinates":[12.18653,47.26597]},"properties":{"id":1374034584,"name":"Gernkogel","ele":2267,"country":"AT","wikidata":"Q21871008"}},
    {"type":"Feature","id":3916774206,"geometry":{"type":"Point","coordinates":[12.20728,47.20893]},"properties":{"id":3916774206,"name":"Federspitze","ele":2264,"country":"AT"}},
    {"type":"Feature","id":5177791554,"geometry":{"type":"Point","coordinates":[11.02731,47.38751]},"properties":{"id":5177791554,"name":"Haberlehnkopf","ele":2264,"country":"AT"}},
    {"type":"Feature","id":1578664159,"geometry":{"type":"Point","coordinates":[11.96131,47.24143]},"properties":{"id":1578664159,"name":"Karspitz","ele":2264,"country":"AT"}},
    {"type":"Feature","id":773900448,"geometry":{"type":"Point","coordinates":[11.01165,47.44214]},"properties":{"id":773900448,"name":"Schönangerspitze","ele":2264,"country":"DE","wikidata":"Q31522130"}},
    {"type":"Feature","id":456167615,"geometry":{"type":"Point","coordinates":[12.01317,47.24852]},"properties":{"id":456167615,"name":"Isskogel","ele":2263,"country":"AT","wikidata":"Q21878296","wikipedia":"de:Isskogel"}},
    {"type":"Feature","id":4385082112,"geometry":{"type":"Point","coordinates":[11.08447,47.26454]},"properties":{"id":4385082112,"name":"Sonnkarköpfl","ele":2262,"country":"AT"}},
    {"type":"Feature","id":508489606,"geometry":{"type":"Point","coordinates":[11.00378,47.43722]},"properties":{"id":508489606,"name":"Südliche Riffelspitze","ele":2262,"country":"DE"}},
    {"type":"Feature","id":4278386403,"geometry":{"type":"Point","coordinates":[11.00216,47.2447]},"properties":{"id":4278386403,"name":"Tajenegg","ele":2262,"country":"AT"}},
    {"type":"Feature","id":616685029,"geometry":{"type":"Point","coordinates":[11.77798,47.45724]},"properties":{"id":616685029,"name":"Seekarlspitze","ele":2261,"country":"AT","wikidata":"Q2265059","wikipedia":"de:Seekarlspitze"}},
    {"type":"Feature","id":508503692,"geometry":{"type":"Point","coordinates":[11.01679,47.41083]},"properties":{"id":508503692,"name":"Brunntalkopf","ele":2260,"country":"DE","wikidata":"Q31550882"}},
    {"type":"Feature","id":7608354941,"geometry":{"type":"Point","coordinates":[11.37846,47.31915]},"properties":{"id":7608354941,"name":"Grubreisentürme","ele":2260,"country":"AT","wikidata":"Q109336133","wikipedia":"de:Grubreisentürme"}},
    {"type":"Feature","id":1305583293,"geometry":{"type":"Point","coordinates":[12.28354,47.56177]},"properties":{"id":1305583293,"name":"Sonneck","ele":2260,"country":"AT","wikidata":"Q873464","wikipedia":"de:Sonneck (Berg)"}},
    {"type":"Feature","id":1429723114,"geometry":{"type":"Point","coordinates":[11.79319,47.45765]},"properties":{"id":1429723114,"name":"Rofanspitze","ele":2259,"country":"AT","wikidata":"Q1511941","wikipedia":"de:Rofanspitze"}},
    {"type":"Feature","id":480702703,"geometry":{"type":"Point","coordinates":[11.8181,47.22585]},"properties":{"id":480702703,"name":"Rauhenkopf","ele":2258,"country":"AT"}},
    {"type":"Feature","id":2857652701,"geometry":{"type":"Point","coordinates":[12.01709,47.29666]},"properties":{"id":2857652701,"name":"Regenfeldjoch","ele":2258,"country":null,"wikidata":"Q21865056"}},
    {"type":"Feature","id":2894051513,"geometry":{"type":"Point","coordinates":[11.78068,47.45518]},"properties":{"id":2894051513,"name":"Roßkopf","ele":2257,"country":"AT","wikidata":"Q1616670","wikipedia":"de:Roßkopf (Rofan)"}},
    {"type":"Feature","id":1578428005,"geometry":{"type":"Point","coordinates":[11.80553,47.27725]},"properties":{"id":1578428005,"name":"Wetterkreuzspitze","ele":2256,"country":"AT","wikidata":"Q21878247"}},
    {"type":"Feature","id":3053301752,"geometry":{"type":"Point","coordinates":[12.09884,47.26752]},"properties":{"id":3053301752,"name":"Müllachgeier","ele":2254,"country":"AT","wikidata":"Q21878267"}},
    {"type":"Feature","id":1601520575,"geometry":{"type":"Point","coordinates":[11.64759,47.24902]},"properties":{"id":1601520575,"name":"Rote Wand","ele":2253,"country":"AT","wikidata":"Q21865248"}},
    {"type":"Feature","id":67233894,"geometry":{"type":"Point","coordinates":[11.35711,47.48157]},"properties":{"id":67233894,"name":"Soiernspitze","ele":2253,"country":"DE","wikidata":"Q316066","wikipedia":"de:Soiernspitze"}},
    {"type":"Feature","id":5928695280,"geometry":{"type":"Point","coordinates":[11.37809,47.31882]},"properties":{"id":5928695280,"name":"Grubreisentürme","ele":2250,"country":"AT","wikidata":"Q109336133","wikipedia":"de:Grubreisentürme"}},
    {"type":"Feature","id":2120954399,"geometry":{"type":"Point","coordinates":[12.17458,47.31262]},"properties":{"id":2120954399,"name":"Molterfeldspitze","ele":2248,"country":"AT"}},
    {"type":"Feature","id":644214617,"geometry":{"type":"Point","coordinates":[11.72416,47.23934]},"properties":{"id":644214617,"name":"Roßlaufspitze","ele":2248,"country":"AT","wikidata":"Q21878317"}},
    {"type":"Feature","id":5926552264,"geometry":{"type":"Point","coordinates":[11.12448,47.38473]},"properties":{"id":5926552264,"name":"Kirchl","ele":2247,"country":"AT"}},
    {"type":"Feature","id":889074508,"geometry":{"type":"Point","coordinates":[11.9358,47.33264]},"properties":{"id":889074508,"name":"Tapenkopf","ele":2247,"country":"AT"}},
    {"type":"Feature","id":793594005,"geometry":{"type":"Point","coordinates":[11.77142,47.30993]},"properties":{"id":793594005,"name":"Kuhmesser","ele":2246,"country":"AT","wikidata":"Q21878200"}},
    {"type":"Feature","id":256042002,"geometry":{"type":"Point","coordinates":[11.46061,47.20883]},"properties":{"id":256042002,"name":"Patscherkofel","ele":2246,"country":"AT","wikidata":"Q695264","wikipedia":"de:Patscherkofel"}},
    {"type":"Feature","id":526000151,"geometry":{"type":"Point","coordinates":[11.3554,47.41498]},"properties":{"id":526000151,"name":"Kleine Riedlkarspitze","ele":2244,"country":"AT"}},
    {"type":"Feature","id":636047082,"geometry":{"type":"Point","coordinates":[11.75574,47.27196]},"properties":{"id":636047082,"name":"Sonntagsköpfl","ele":2244,"country":"AT"}},
    {"type":"Feature","id":525248745,"geometry":{"type":"Point","coordinates":[11.55824,47.3411]},"properties":{"id":525248745,"name":"Hundskopf","ele":2243,"country":"AT","wikidata":"Q257419","wikipedia":"de:Hundskopf (Karwendel)"}},
    {"type":"Feature","id":3735210258,"geometry":{"type":"Point","coordinates":[11.81396,47.24735]},"properties":{"id":3735210258,"name":"Krösser","ele":2243,"country":"AT"}},
    {"type":"Feature","id":2923356712,"geometry":{"type":"Point","coordinates":[11.75946,47.45945]},"properties":{"id":2923356712,"name":"Streichkopf","ele":2243,"country":"AT","wikidata":"Q2355498","wikipedia":"de:Streichkopf"}},
    {"type":"Feature","id":2254824447,"geometry":{"type":"Point","coordinates":[12.03459,47.33913]},"properties":{"id":2254824447,"name":"Gamskarkopf","ele":2242,"country":"AT"}},
    {"type":"Feature","id":508489594,"geometry":{"type":"Point","coordinates":[11.00579,47.4388]},"properties":{"id":508489594,"name":"Nördliche Riffelspitze","ele":2242,"country":"DE","wikidata":"Q31555745"}},
    {"type":"Feature","id":2120954407,"geometry":{"type":"Point","coordinates":[12.1212,47.32511]},"properties":{"id":2120954407,"name":"Stanglhöhe","ele":2242,"country":"AT"}},
    {"type":"Feature","id":889074509,"geometry":{"type":"Point","coordinates":[11.92879,47.33516]},"properties":{"id":889074509,"name":"Standkopf","ele":2241,"country":"AT","wikidata":"Q111939931","wikipedia":"de:Standkopf"}},
    {"type":"Feature","id":527273299,"geometry":{"type":"Point","coordinates":[11.30358,47.43078]},"properties":{"id":527273299,"name":"Westliches Kirchl","ele":2241,"country":"DE","wikidata":"Q111286543","wikipedia":"de:Kirchl (Karwendel)"}},
    {"type":"Feature","id":527799250,"geometry":{"type":"Point","coordinates":[11.55603,47.42246]},"properties":{"id":527799250,"name":"Ruederkarspitze","ele":2240,"country":"AT","wikidata":"Q21877834"}},
    {"type":"Feature","id":1621410586,"geometry":{"type":"Point","coordinates":[11.29091,47.42546]},"properties":{"id":1621410586,"name":"Mittlere Linderspitze","ele":2239,"country":"DE","wikidata":"Q15849891","wikipedia":"de:Linderspitzen"}},
    {"type":"Feature","id":3089147114,"geometry":{"type":"Point","coordinates":[11.10897,47.23589]},"properties":{"id":3089147114,"name":"Hausleger","ele":2237,"country":"AT"}},
    {"type":"Feature","id":2109729755,"geometry":{"type":"Point","coordinates":[12.18057,47.31613]},"properties":{"id":2109729755,"name":"Schneegrubenspitze","ele":2237,"country":"AT"}},
    {"type":"Feature","id":1374021899,"geometry":{"type":"Point","coordinates":[12.14492,47.26764]},"properties":{"id":1374021899,"name":"Ronachgeier","ele":2236,"country":"AT","wikidata":"Q21878266"}},
    {"type":"Feature","id":616685836,"geometry":{"type":"Point","coordinates":[11.77291,47.4558]},"properties":{"id":616685836,"name":"Spieljoch","ele":2236,"country":"AT","wikidata":"Q1310348","wikipedia":"de:Spieljoch"}},
    {"type":"Feature","id":526023638,"geometry":{"type":"Point","coordinates":[11.38566,47.42003]},"properties":{"id":526023638,"name":"Angerkopf","ele":2234,"country":"AT"}},
    {"type":"Feature","id":12683926867,"geometry":{"type":"Point","coordinates":[11.01897,47.38673]},"properties":{"id":12683926867,"name":"Hochwannigkopf","ele":2234,"country":"AT"}},
    {"type":"Feature","id":256041962,"geometry":{"type":"Point","coordinates":[11.05805,47.38332]},"properties":{"id":256041962,"name":"Predigtstein","ele":2234,"country":"AT","wikidata":"Q945698","wikipedia":"de:Predigtstuhl (Wetterstein)"}},
    {"type":"Feature","id":11265011396,"geometry":{"type":"Point","coordinates":[11.75455,47.45387]},"properties":{"id":11265011396,"name":"Dalfazer Joch","ele":2233,"country":"AT"}},
    {"type":"Feature","id":471020600,"geometry":{"type":"Point","coordinates":[12.26755,47.29784]},"properties":{"id":471020600,"name":"Frühmesser","ele":2233,"country":"AT","wikidata":"Q21870814"}},
    {"type":"Feature","id":2857666110,"geometry":{"type":"Point","coordinates":[12.24135,47.30277]},"properties":{"id":2857666110,"name":"Speikkogel","ele":2232,"country":"AT"}},
    {"type":"Feature","id":292943086,"geometry":{"type":"Point","coordinates":[11.79796,47.45325]},"properties":{"id":292943086,"name":"Sagzahn","ele":2228,"country":"AT","wikidata":"Q2211953","wikipedia":"de:Sagzahn"}},
    {"type":"Feature","id":272442691,"geometry":{"type":"Point","coordinates":[12.28933,47.55237]},"properties":{"id":272442691,"name":"Tuxeck","ele":2226,"country":"AT","wikidata":"Q970398","wikipedia":"de:Tuxeck"}},
    {"type":"Feature","id":1621651564,"geometry":{"type":"Point","coordinates":[11.02611,47.4465]},"properties":{"id":1621651564,"name":"Zwölferkopf","ele":2226,"country":"DE","wikidata":"Q31555875"}},
    {"type":"Feature","id":524403662,"geometry":{"type":"Point","coordinates":[11.27435,47.31575]},"properties":{"id":524403662,"name":"Kirchl","ele":2225,"country":"AT"}},
    {"type":"Feature","id":527273311,"geometry":{"type":"Point","coordinates":[11.30977,47.43032]},"properties":{"id":527273311,"name":"Östliches Kirchl","ele":2225,"country":"DE"}},
    {"type":"Feature","id":1588713142,"geometry":{"type":"Point","coordinates":[11.23081,47.32666]},"properties":{"id":1588713142,"name":"Härmelekopf","ele":2224,"country":"AT","wikidata":"Q18125459"}},
    {"type":"Feature","id":292943327,"geometry":{"type":"Point","coordinates":[11.80105,47.44469]},"properties":{"id":292943327,"name":"Vorderes Sonnwendjoch","ele":2224,"country":"AT","wikidata":"Q2533733","wikipedia":"de:Vorderes Sonnwendjoch"}},
    {"type":"Feature","id":258759199,"geometry":{"type":"Point","coordinates":[12.2974,47.28575]},"properties":{"id":258759199,"name":"Wildkogel","ele":2224,"country":"AT","wikidata":"Q453158","wikipedia":"de:Wildkogel"}},
    {"type":"Feature","id":256041983,"geometry":{"type":"Point","coordinates":[11.64574,47.40224]},"properties":{"id":256041983,"name":"Rappenspitze","ele":2223,"country":"AT","wikidata":"Q2131650","wikipedia":"de:Rappenspitze (Karwendel)"}},
    {"type":"Feature","id":661149695,"geometry":{"type":"Point","coordinates":[11.23755,47.33279]},"properties":{"id":661149695,"name":"Seefelder Spitze","ele":2221,"country":"AT","wikidata":"Q18166350"}},
    {"type":"Feature","id":445675745,"geometry":{"type":"Point","coordinates":[11.82803,47.26678]},"properties":{"id":445675745,"name":"Gedrechter","ele":2217,"country":"AT","wikidata":"Q1264470","wikipedia":"de:Gedrechter"}},
    {"type":"Feature","id":444565587,"geometry":{"type":"Point","coordinates":[12.02246,47.33014]},"properties":{"id":444565587,"name":"Gressenstein","ele":2216,"country":"AT"}},
    {"type":"Feature","id":526809052,"geometry":{"type":"Point","coordinates":[11.59669,47.37898]},"properties":{"id":526809052,"name":"Lamsenhüttenturm","ele":2216,"country":"AT"}},
    {"type":"Feature","id":256042818,"geometry":{"type":"Point","coordinates":[12.19009,47.34144]},"properties":{"id":256042818,"name":"Steinbergstein","ele":2215,"country":"AT","wikidata":"Q462500","wikipedia":"de:Steinbergstein"}},
    {"type":"Feature","id":520460043,"geometry":{"type":"Point","coordinates":[11.59257,47.24167]},"properties":{"id":520460043,"name":"Largoz","ele":2214,"country":"AT","wikidata":"Q1805941","wikipedia":"de:Largoz"}},
    {"type":"Feature","id":7716382592,"geometry":{"type":"Point","coordinates":[11.28521,47.32355]},"properties":{"id":7716382592,"name":"Fleischbanktürme","ele":2213,"country":"AT"}},
    {"type":"Feature","id":527273309,"geometry":{"type":"Point","coordinates":[11.30751,47.4302]},"properties":{"id":527273309,"name":"Mittleres Kirchl","ele":2211,"country":"DE","wikidata":"Q111286543","wikipedia":"de:Kirchl (Karwendel)"}},
    {"type":"Feature","id":5817402896,"geometry":{"type":"Point","coordinates":[11.34435,47.48029]},"properties":{"id":5817402896,"name":"Reißende Lahnspitz","ele":2209,"country":"DE","wikidata":"Q31526445"}},
    {"type":"Feature","id":7608354940,"geometry":{"type":"Point","coordinates":[11.37799,47.32003]},"properties":{"id":7608354940,"name":"Grubreisentürme","ele":2207,"country":"AT","wikidata":"Q109336133","wikipedia":"de:Grubreisentürme"}},
    {"type":"Feature","id":524403671,"geometry":{"type":"Point","coordinates":[11.28671,47.32978]},"properties":{"id":524403671,"name":"Fleischbankspitze","ele":2206,"country":"AT"}},
    {"type":"Feature","id":524403664,"geometry":{"type":"Point","coordinates":[11.28628,47.32461]},"properties":{"id":524403664,"name":"Fleischbanktürme","ele":2206,"country":"AT"}},
    {"type":"Feature","id":2857665702,"geometry":{"type":"Point","coordinates":[12.23215,47.30668]},"properties":{"id":2857665702,"name":"Gamskogel","ele":2206,"country":"AT"}},
    {"type":"Feature","id":2120954372,"geometry":{"type":"Point","coordinates":[12.11803,47.32829]},"properties":{"id":2120954372,"name":"Dürnbergstein","ele":2205,"country":"AT"}},
    {"type":"Feature","id":889074511,"geometry":{"type":"Point","coordinates":[11.94257,47.33225]},"properties":{"id":889074511,"name":"Gamskopf","ele":2205,"country":"AT"}},
    {"type":"Feature","id":2098605594,"geometry":{"type":"Point","coordinates":[11.7069,47.21444]},"properties":{"id":2098605594,"name":"Hubertusspitze","ele":2205,"country":"AT"}},
    {"type":"Feature","id":6016087916,"geometry":{"type":"Point","coordinates":[11.39942,47.32937]},"properties":{"id":6016087916,"name":"Niederbrandjoch","ele":2205,"country":"AT"}},
    {"type":"Feature","id":286687475,"geometry":{"type":"Point","coordinates":[11.11756,47.41425]},"properties":{"id":286687475,"name":"Frauenalpl","ele":2202,"country":"DE"}},
    {"type":"Feature","id":444571798,"geometry":{"type":"Point","coordinates":[12.0253,47.35576]},"properties":{"id":444571798,"name":"Lämpersberg","ele":2202,"country":"AT","wikidata":"Q21878100"}},
    {"type":"Feature","id":527791472,"geometry":{"type":"Point","coordinates":[11.52488,47.43989]},"properties":{"id":527791472,"name":"Turmfalk","ele":2201,"country":"AT"}},
    {"type":"Feature","id":3814390357,"geometry":{"type":"Point","coordinates":[11.95811,47.33064]},"properties":{"id":3814390357,"name":"Dristenkopf","ele":2198,"country":"AT"}},
    {"type":"Feature","id":527859196,"geometry":{"type":"Point","coordinates":[11.65718,47.40395]},"properties":{"id":527859196,"name":"Kaserjoch","ele":2198,"country":"AT"}},
    {"type":"Feature","id":444573011,"geometry":{"type":"Point","coordinates":[12.02696,47.34983]},"properties":{"id":444573011,"name":"Kleiner Beil","ele":2197,"country":"AT"}},
    {"type":"Feature","id":26863047,"geometry":{"type":"Point","coordinates":[11.22233,47.39734]},"properties":{"id":26863047,"name":"Große Arnspitze","ele":2196,"country":"DE","prominence":993,"wikidata":"Q1548141","wikipedia":"de:Große Arnspitze"}},
    {"type":"Feature","id":6796515232,"geometry":{"type":"Point","coordinates":[11.12942,47.25795]},"properties":{"id":6796515232,"name":"Pollinger Kreuz","ele":2196,"country":"AT"}},
    {"type":"Feature","id":524403672,"geometry":{"type":"Point","coordinates":[11.28523,47.33331]},"properties":{"id":524403672,"name":"Samstagkarspitze","ele":2196,"country":"AT"}},
    {"type":"Feature","id":1901154253,"geometry":{"type":"Point","coordinates":[11.17277,47.22337]},"properties":{"id":1901154253,"name":"Kögele","ele":2195,"country":"AT"}},
    {"type":"Feature","id":26863070,"geometry":{"type":"Point","coordinates":[11.78864,47.54623]},"properties":{"id":26863070,"name":"Guffertspitze","ele":2194,"country":"AT","prominence":1143,"wikidata":"Q769643","wikipedia":"de:Guffert"}},
    {"type":"Feature","id":293170350,"geometry":{"type":"Point","coordinates":[11.78037,47.44401]},"properties":{"id":293170350,"name":"Haidachstellwand","ele":2192,"country":"AT","wikidata":"Q102121675"}},
    {"type":"Feature","id":439043182,"geometry":{"type":"Point","coordinates":[11.42854,47.4243]},"properties":{"id":439043182,"name":"Hochalmkreuz","ele":2192,"country":"AT","wikidata":"Q15056693","wikipedia":"de:Hochalmkreuz"}},
    {"type":"Feature","id":1999392342,"geometry":{"type":"Point","coordinates":[11.28822,47.40662]},"properties":{"id":1999392342,"name":"Rotwandlspitze","ele":2192,"country":"AT/DE","wikidata":"Q15273395","wikipedia":"de:Rotwandlspitze"}},
    {"type":"Feature","id":527791467,"geometry":{"type":"Point","coordinates":[11.50762,47.44471]},"properties":{"id":527791467,"name":"Kleiner Falk","ele":2190,"country":"AT","wikidata":"Q15117011","wikipedia":"de:Kleiner Falk"}},
    {"type":"Feature","id":444573010,"geometry":{"type":"Point","coordinates":[12.02451,47.34624]},"properties":{"id":444573010,"name":"Seekopf","ele":2189,"country":"AT"}},
    {"type":"Feature","id":1365274712,"geometry":{"type":"Point","coordinates":[12.29454,47.22115]},"properties":{"id":1365274712,"name":"Popberg","ele":2188,"country":"AT","wikidata":"Q21864910"}},
    {"type":"Feature","id":3012257963,"geometry":{"type":"Point","coordinates":[12.07134,47.29806]},"properties":{"id":3012257963,"name":"Bärentalkopf","ele":2186,"country":"AT"}},
    {"type":"Feature","id":380989890,"geometry":{"type":"Point","coordinates":[11.28727,47.40561]},"properties":{"id":380989890,"name":"Brunnsteinspitze","ele":2180,"country":"AT/DE","wikidata":"Q2169131"}},
    {"type":"Feature","id":3922019921,"geometry":{"type":"Point","coordinates":[12.23807,47.29214]},"properties":{"id":3922019921,"name":"Hüttenkopf","ele":2180,"country":"AT"}},
    {"type":"Feature","id":876206125,"geometry":{"type":"Point","coordinates":[12.27779,47.56222]},"properties":{"id":876206125,"name":"Kopfkraxen","ele":2180,"country":"AT","wikidata":"Q27556441","wikipedia":"de:Kopfkraxen"}},
    {"type":"Feature","id":527799235,"geometry":{"type":"Point","coordinates":[11.53944,47.40676]},"properties":{"id":527799235,"name":"Gumpenspitze","ele":2176,"country":"AT","wikidata":"Q72606632","wikipedia":"de:Gumpenspitze"}},
    {"type":"Feature","id":524403669,"geometry":{"type":"Point","coordinates":[11.28316,47.33694]},"properties":{"id":524403669,"name":"Maderkarlspitze","ele":2174,"country":"AT"}},
    {"type":"Feature","id":2418167369,"geometry":{"type":"Point","coordinates":[11.34242,47.48161]},"properties":{"id":2418167369,"name":"Soiernschneid","ele":2174,"country":"DE","wikidata":"Q31556117"}},
    {"type":"Feature","id":659580880,"geometry":{"type":"Point","coordinates":[11.20921,47.39277]},"properties":{"id":659580880,"name":"Arnplattenspitze (Hintere Arnspitze)","ele":2170,"country":"AT","wikidata":"Q110082611"}},
    {"type":"Feature","id":2825970811,"geometry":{"type":"Point","coordinates":[11.60154,47.21311]},"properties":{"id":2825970811,"name":"Haratzköpfl","ele":2170,"country":"AT"}},
    {"type":"Feature","id":2730700912,"geometry":{"type":"Point","coordinates":[12.25338,47.3145]},"properties":{"id":2730700912,"name":"Gamsbeil","ele":2169,"country":"AT"}},
    {"type":"Feature","id":12118534514,"geometry":{"type":"Point","coordinates":[11.78784,47.45211]},"properties":{"id":12118534514,"name":"Grubalackenspitze","ele":2169,"country":"AT"}},
    {"type":"Feature","id":293170354,"geometry":{"type":"Point","coordinates":[11.75603,47.4618]},"properties":{"id":293170354,"name":"Stuhlböcklkopf","ele":2169,"country":"AT"}},
    {"type":"Feature","id":13992229938,"geometry":{"type":"Point","coordinates":[12.0925,47.20293]},"properties":{"id":13992229938,"name":"Silberkopf","ele":2168,"country":null}},
    {"type":"Feature","id":2977659624,"geometry":{"type":"Point","coordinates":[12.26635,47.29202]},"properties":{"id":2977659624,"name":"Braunkogel","ele":2167,"country":"AT"}},
    {"type":"Feature","id":7716382637,"geometry":{"type":"Point","coordinates":[11.25014,47.32057]},"properties":{"id":7716382637,"name":"Wibmertürme","ele":2163,"country":"AT"}},
    {"type":"Feature","id":527859192,"geometry":{"type":"Point","coordinates":[11.64442,47.40487]},"properties":{"id":527859192,"name":"Larchkarlkopf","ele":2162,"country":"AT"}},
    {"type":"Feature","id":1621410408,"geometry":{"type":"Point","coordinates":[11.46206,47.36612]},"properties":{"id":1621410408,"name":"Reps","ele":2160,"country":"AT"}},
    {"type":"Feature","id":4451122621,"geometry":{"type":"Point","coordinates":[12.19235,47.28346]},"properties":{"id":4451122621,"name":"Toreck","ele":2159,"country":"AT"}},
    {"type":"Feature","id":2857665804,"geometry":{"type":"Point","coordinates":[12.26411,47.30226]},"properties":{"id":2857665804,"name":"Grasleitkopf","ele":2158,"country":"AT"}},
    {"type":"Feature","id":527842988,"geometry":{"type":"Point","coordinates":[11.6144,47.38125]},"properties":{"id":527842988,"name":"Schafjöchl","ele":2157,"country":"AT"}},
    {"type":"Feature","id":524778989,"geometry":{"type":"Point","coordinates":[11.34976,47.35451]},"properties":{"id":524778989,"name":"Oberer Sagkopf","ele":2154,"country":"AT"}},
    {"type":"Feature","id":524663468,"geometry":{"type":"Point","coordinates":[11.4591,47.32625]},"properties":{"id":524663468,"name":"Wildangerspitze","ele":2153,"country":"AT"}},
    {"type":"Feature","id":13374537085,"geometry":{"type":"Point","coordinates":[11.66243,47.40378]},"properties":{"id":13374537085,"name":"Hendlspitz","ele":2151,"country":"AT"}},
    {"type":"Feature","id":4575741689,"geometry":{"type":"Point","coordinates":[12.17702,47.28711]},"properties":{"id":4575741689,"name":"Trattenbachhöhe","ele":2151,"country":"AT"}},
    {"type":"Feature","id":6530414818,"geometry":{"type":"Point","coordinates":[11.19916,47.42803]},"properties":{"id":6530414818,"name":"Untere Wettersteinspitze","ele":2151,"country":"AT/DE","wikidata":"Q2566053","wikipedia":"de:Wettersteinspitzen"}},
    {"type":"Feature","id":527826327,"geometry":{"type":"Point","coordinates":[11.63093,47.43529]},"properties":{"id":527826327,"name":"Falzthurnjoch","ele":2150,"country":"AT"}},
    {"type":"Feature","id":2150559494,"geometry":{"type":"Point","coordinates":[11.12619,47.25877]},"properties":{"id":2150559494,"name":"Flaurlinger Joch","ele":2150,"country":"AT"}},
    {"type":"Feature","id":2441923393,"geometry":{"type":"Point","coordinates":[11.04734,47.43811]},"properties":{"id":2441923393,"name":"Höllentorkopf","ele":2150,"country":"DE","wikidata":"Q1273885"}},
    {"type":"Feature","id":5075323806,"geometry":{"type":"Point","coordinates":[11.79728,47.46165]},"properties":{"id":5075323806,"name":"Rofanturm","ele":2150,"country":"AT"}},
    {"type":"Feature","id":527859202,"geometry":{"type":"Point","coordinates":[11.6802,47.39875]},"properties":{"id":527859202,"name":"Ochsenkopf","ele":2148,"country":"AT"}},
    {"type":"Feature","id":286790301,"geometry":{"type":"Point","coordinates":[11.06034,47.43108]},"properties":{"id":286790301,"name":"Bernadeinkopf","ele":2144,"country":"DE","wikidata":"Q822140"}},
    {"type":"Feature","id":1376166769,"geometry":{"type":"Point","coordinates":[12.11189,47.26903]},"properties":{"id":1376166769,"name":"Brucheck","ele":2144,"country":"AT"}},
    {"type":"Feature","id":1517887290,"geometry":{"type":"Point","coordinates":[11.75153,47.44855]},"properties":{"id":1517887290,"name":"Dalfazer Roßkopf","ele":2143,"country":"AT"}},
    {"type":"Feature","id":2299777595,"geometry":{"type":"Point","coordinates":[12.02259,47.31085]},"properties":{"id":2299777595,"name":"Niederjochkogel","ele":2143,"country":"AT"}},
    {"type":"Feature","id":3257222060,"geometry":{"type":"Point","coordinates":[11.74767,47.28223]},"properties":{"id":3257222060,"name":"Großer Gamsstein","ele":2142,"country":"AT","wikidata":"Q21878238"}},
    {"type":"Feature","id":527842995,"geometry":{"type":"Point","coordinates":[11.63464,47.39583]},"properties":{"id":527842995,"name":"Lunstkopf","ele":2142,"country":"AT"}},
    {"type":"Feature","id":5926552257,"geometry":{"type":"Point","coordinates":[11.07631,47.38877]},"properties":{"id":5926552257,"name":"Schönberg","ele":2142,"country":"AT"}},
    {"type":"Feature","id":644214619,"geometry":{"type":"Point","coordinates":[11.72095,47.24236]},"properties":{"id":644214619,"name":"Alplköpfl","ele":2141,"country":"AT"}},
    {"type":"Feature","id":12090564101,"geometry":{"type":"Point","coordinates":[11.78402,47.54724]},"properties":{"id":12090564101,"name":"Guffert-Westgipfel","ele":2140,"country":"AT"}},
    {"type":"Feature","id":508474978,"geometry":{"type":"Point","coordinates":[11.03012,47.44668]},"properties":{"id":508474978,"name":"Kleiner Waxenstein","ele":2136,"country":"DE"}},
    {"type":"Feature","id":12097971761,"geometry":{"type":"Point","coordinates":[11.11098,47.40018]},"properties":{"id":12097971761,"name":"Unterer Schüsselkarturm","ele":2135,"country":"DE"}},
    {"type":"Feature","id":2825970302,"geometry":{"type":"Point","coordinates":[11.82212,47.22101]},"properties":{"id":2825970302,"name":"Arbiskopf","ele":2133,"country":"AT"}},
    {"type":"Feature","id":527791474,"geometry":{"type":"Point","coordinates":[11.52539,47.44254]},"properties":{"id":527791474,"name":"Totenfalk","ele":2131,"country":"AT","wikidata":"Q122925577","wikipedia":"de:Totenfalk"}},
    {"type":"Feature","id":527273302,"geometry":{"type":"Point","coordinates":[11.30117,47.43696]},"properties":{"id":527273302,"name":"Kreuzwand","ele":2130,"country":"DE","wikidata":"Q31555715"}},
    {"type":"Feature","id":256042851,"geometry":{"type":"Point","coordinates":[11.92288,47.36124]},"properties":{"id":256042851,"name":"Wiedersberger Horn","ele":2127,"country":"AT","wikidata":"Q872713","wikipedia":"de:Wiedersberger Horn"}},
    {"type":"Feature","id":3916774205,"geometry":{"type":"Point","coordinates":[12.21763,47.2185]},"properties":{"id":3916774205,"name":"Elfer","ele":2124,"country":"AT"}},
    {"type":"Feature","id":871780998,"geometry":{"type":"Point","coordinates":[12.29741,47.56754]},"properties":{"id":871780998,"name":"Kleine Halt","ele":2122,"country":"AT","wikidata":"Q17322849","wikipedia":"de:Kleine Halt"}},
    {"type":"Feature","id":1792296952,"geometry":{"type":"Point","coordinates":[12.2543,47.56102]},"properties":{"id":1792296952,"name":"Mittlerer Hackenkopf","ele":2119,"country":"AT"}},
    {"type":"Feature","id":683267974,"geometry":{"type":"Point","coordinates":[11.99461,47.33564]},"properties":{"id":683267974,"name":"Torkopf","ele":2116,"country":"AT"}},
    {"type":"Feature","id":13232411751,"geometry":{"type":"Point","coordinates":[11.54991,47.41354]},"properties":{"id":13232411751,"name":"Bärenkopf","ele":2115,"country":"AT"}},
    {"type":"Feature","id":2857657605,"geometry":{"type":"Point","coordinates":[12.27934,47.31325]},"properties":{"id":2857657605,"name":"Laubkogel","ele":2114,"country":"AT"}},
    {"type":"Feature","id":413592304,"geometry":{"type":"Point","coordinates":[11.05357,47.26309]},"properties":{"id":413592304,"name":"RauherKopf","ele":2111,"country":"AT"}},
    {"type":"Feature","id":256042759,"geometry":{"type":"Point","coordinates":[12.24184,47.55732]},"properties":{"id":256042759,"name":"Scheffauer","ele":2111,"country":"AT","wikidata":"Q442440","wikipedia":"de:Scheffauer"}},
    {"type":"Feature","id":2419126850,"geometry":{"type":"Point","coordinates":[11.36909,47.49355]},"properties":{"id":2419126850,"name":"Krapfenkarspitze","ele":2110,"country":"DE","wikidata":"Q15057166"}},
    {"type":"Feature","id":2120954378,"geometry":{"type":"Point","coordinates":[12.11219,47.32998]},"properties":{"id":2120954378,"name":"Foischingköpfl","ele":2106,"country":"AT"}},
    {"type":"Feature","id":6552367681,"geometry":{"type":"Point","coordinates":[11.52272,47.36124]},"properties":{"id":6552367681,"name":"Hochkanzeltürme","ele":2106,"country":"AT"}},
    {"type":"Feature","id":4971266221,"geometry":{"type":"Point","coordinates":[11.61297,47.4662]},"properties":{"id":4971266221,"name":"Montscheinspitze","ele":2106,"country":"AT","wikidata":"Q472984","wikipedia":"de:Montscheinspitze"}},
    {"type":"Feature","id":527373750,"geometry":{"type":"Point","coordinates":[11.46867,47.43953]},"properties":{"id":527373750,"name":"Talelespitze","ele":2104,"country":"AT","wikidata":"Q107099500","wikipedia":"de:Talelespitze"}},
    {"type":"Feature","id":1621410767,"geometry":{"type":"Point","coordinates":[11.4876,47.50901]},"properties":{"id":1621410767,"name":"Schafreuter","ele":2102,"country":"DE","wikidata":"Q315887","wikipedia":"de:Schafreuter"}},
    {"type":"Feature","id":1617863506,"geometry":{"type":"Point","coordinates":[11.69927,47.39956]},"properties":{"id":1617863506,"name":"Stanser Joch","ele":2102,"country":"AT","wikidata":"Q2331896","wikipedia":"de:Stanser Joch"}},
    {"type":"Feature","id":1444941013,"geometry":{"type":"Point","coordinates":[11.90935,47.32521]},"properties":{"id":1444941013,"name":"Hamberg","ele":2100,"country":"AT","wikidata":"Q55356486","wikipedia":"de:Hamberg (Kitzbüheler Alpen)"}},
    {"type":"Feature","id":413598485,"geometry":{"type":"Point","coordinates":[11.32778,47.20123]},"properties":{"id":413598485,"name":"Pfriemeswand","ele":2100,"country":"AT","wikidata":"Q21878380"}},
    {"type":"Feature","id":1988253420,"geometry":{"type":"Point","coordinates":[11.52486,47.33335]},"properties":{"id":1988253420,"name":"Kleine Wechselspitze","ele":2099,"country":"AT"}},
    {"type":"Feature","id":527859195,"geometry":{"type":"Point","coordinates":[11.66709,47.40079]},"properties":{"id":527859195,"name":"Gamskarspitze","ele":2098,"country":"AT","wikidata":"Q110134598"}},
    {"type":"Feature","id":413596352,"geometry":{"type":"Point","coordinates":[11.27796,47.20007]},"properties":{"id":413596352,"name":"Axamer Kögele","ele":2097,"country":"AT","wikidata":"Q25807405"}},
    {"type":"Feature","id":683087042,"geometry":{"type":"Point","coordinates":[12.25623,47.33503]},"properties":{"id":683087042,"name":"Großer Tanzkogel","ele":2097,"country":"AT","wikidata":"Q21871360"}},
    {"type":"Feature","id":5926552262,"geometry":{"type":"Point","coordinates":[11.10072,47.38359]},"properties":{"id":5926552262,"name":"Plattach","ele":2096,"country":"AT"}},
    {"type":"Feature","id":2730701149,"geometry":{"type":"Point","coordinates":[12.25627,47.31912]},"properties":{"id":2730701149,"name":"Westerachkopf","ele":2096,"country":"AT"}},
    {"type":"Feature","id":490410746,"geometry":{"type":"Point","coordinates":[11.50789,47.41235]},"properties":{"id":490410746,"name":"Mahnkopf","ele":2093,"country":"AT","wikidata":"Q15119244","wikipedia":"de:Mahnkopf (Karwendel)"}},
    {"type":"Feature","id":1792346516,"geometry":{"type":"Point","coordinates":[12.24613,47.55869]},"properties":{"id":1792346516,"name":"Westlicher Hackenkopf","ele":2092,"country":"AT","wikidata":"Q874584","wikipedia":"de:Hackenköpfe"}},
    {"type":"Feature","id":659580881,"geometry":{"type":"Point","coordinates":[11.21564,47.39414]},"properties":{"id":659580881,"name":"Mittlere Arnspitze","ele":2091,"country":"AT"}},
    {"type":"Feature","id":2857666108,"geometry":{"type":"Point","coordinates":[12.25632,47.33008]},"properties":{"id":2857666108,"name":"Schwarzkarkogel","ele":2089,"country":"AT"}},
    {"type":"Feature","id":1486193278,"geometry":{"type":"Point","coordinates":[11.7702,47.33052]},"properties":{"id":1486193278,"name":"Gratzenkopf","ele":2087,"country":"AT"}},
    {"type":"Feature","id":26863440,"geometry":{"type":"Point","coordinates":[11.19143,47.54438]},"properties":{"id":26863440,"name":"Krottenkopf","ele":2086,"country":"DE","prominence":1156,"wikidata":"Q565442"}},
    {"type":"Feature","id":8294075423,"geometry":{"type":"Point","coordinates":[11.63515,47.36395]},"properties":{"id":8294075423,"name":"Oberer Bärenkopf","ele":2085,"country":"AT"}},
    {"type":"Feature","id":1618981814,"geometry":{"type":"Point","coordinates":[11.67922,47.46611]},"properties":{"id":1618981814,"name":"Seebergspitze","ele":2085,"country":"AT","wikidata":"Q2264586","wikipedia":"de:Seebergspitze"}},
    {"type":"Feature","id":2730700920,"geometry":{"type":"Point","coordinates":[12.2523,47.30758]},"properties":{"id":2730700920,"name":"Geige","ele":2084,"country":"AT","wikidata":"Q21870976"}},
    {"type":"Feature","id":8903396681,"geometry":{"type":"Point","coordinates":[11.78217,47.44853]},"properties":{"id":8903396681,"name":"CleSiDa","ele":2080,"country":"AT"}},
    {"type":"Feature","id":1551090951,"geometry":{"type":"Point","coordinates":[11.59458,47.39548]},"properties":{"id":1551090951,"name":"Hahnkampl","ele":2080,"country":"AT","wikidata":"Q15056511","wikipedia":"de:Hahnkampl"}},
    {"type":"Feature","id":26865118,"geometry":{"type":"Point","coordinates":[11.73854,47.5151]},"properties":{"id":26865118,"name":"Vorderunnutz","ele":2078,"country":"AT","wikidata":"Q2496641","wikipedia":"de:Unnütze"}},
    {"type":"Feature","id":1617863746,"geometry":{"type":"Point","coordinates":[11.61776,47.43374]},"properties":{"id":1617863746,"name":"Bettlerkarspitze (Vorgipfel)","ele":2075,"country":"AT","wikidata":"Q850158","wikipedia":"de:Bettlerkarspitze"}},
    {"type":"Feature","id":256042839,"geometry":{"type":"Point","coordinates":[11.73594,47.51998]},"properties":{"id":256042839,"name":"Hochunnutz","ele":2075,"country":"AT","wikidata":"Q2496641","wikipedia":"de:Unnütze"}},
    {"type":"Feature","id":2120954384,"geometry":{"type":"Point","coordinates":[12.19557,47.33245]},"properties":{"id":2120954384,"name":"Haldenstein","ele":2074,"country":"AT"}},
    {"type":"Feature","id":2857665601,"geometry":{"type":"Point","coordinates":[12.29969,47.33666]},"properties":{"id":2857665601,"name":"Blaufeldköpfe","ele":2073,"country":"AT"}},
    {"type":"Feature","id":515678324,"geometry":{"type":"Point","coordinates":[11.3362,47.48317]},"properties":{"id":515678324,"name":"Feldernkopf","ele":2071,"country":"DE","wikidata":"Q31547165"}},
    {"type":"Feature","id":2120954387,"geometry":{"type":"Point","coordinates":[12.12318,47.337]},"properties":{"id":2120954387,"name":"Kreuzjoch","ele":2069,"country":"AT","wikidata":"Q21868697"}},
    {"type":"Feature","id":526813242,"geometry":{"type":"Point","coordinates":[11.62534,47.36357]},"properties":{"id":526813242,"name":"Niedernissl","ele":2067,"country":"AT"}},
    {"type":"Feature","id":293170353,"geometry":{"type":"Point","coordinates":[11.75236,47.44543]},"properties":{"id":293170353,"name":"Rotspitze","ele":2067,"country":"AT","wikidata":"Q1440245","wikipedia":"de:Rotspitze (Rofan)"}},
    {"type":"Feature","id":4437629572,"geometry":{"type":"Point","coordinates":[11.79165,47.32555]},"properties":{"id":4437629572,"name":"Onkeljoch","ele":2066,"country":"AT"}},
    {"type":"Feature","id":3922019922,"geometry":{"type":"Point","coordinates":[12.23738,47.27821]},"properties":{"id":3922019922,"name":"Trattenbacheck","ele":2063,"country":"AT"}},
    {"type":"Feature","id":1317717059,"geometry":{"type":"Point","coordinates":[12.17847,47.3488]},"properties":{"id":1317717059,"name":"Ramkarkopf","ele":2062,"country":"AT"}},
    {"type":"Feature","id":259406948,"geometry":{"type":"Point","coordinates":[11.04983,47.43853]},"properties":{"id":259406948,"name":"Osterfelderkopf","ele":2060,"country":"DE","wikidata":"Q18560512"}},
    {"type":"Feature","id":1912457161,"geometry":{"type":"Point","coordinates":[11.92625,47.34796]},"properties":{"id":1912457161,"name":"Hochstand","ele":2058,"country":"AT"}},
    {"type":"Feature","id":2579934503,"geometry":{"type":"Point","coordinates":[12.26318,47.36597]},"properties":{"id":2579934503,"name":"Floch (Hauptgipfel)","ele":2057,"country":"AT","wikidata":"Q21870738"}},
    {"type":"Feature","id":4327005637,"geometry":{"type":"Point","coordinates":[12.1475,47.20814]},"properties":{"id":4327005637,"name":"Rauer Kopf","ele":2055,"country":"AT"}},
    {"type":"Feature","id":527273304,"geometry":{"type":"Point","coordinates":[11.29368,47.43795]},"properties":{"id":527273304,"name":"Viererspitze","ele":2054,"country":"DE","wikidata":"Q15061381"}},
    {"type":"Feature","id":2329366386,"geometry":{"type":"Point","coordinates":[11.45937,47.35224]},"properties":{"id":2329366386,"name":"Großer Gschnierkopf","ele":2053,"country":"AT"}},
    {"type":"Feature","id":1396345672,"geometry":{"type":"Point","coordinates":[11.68239,47.47955]},"properties":{"id":1396345672,"name":"Seekarspitze","ele":2053,"country":"AT","wikidata":"Q2265074","wikipedia":"de:Seekarspitze (Achensee)"}},
    {"type":"Feature","id":284141671,"geometry":{"type":"Point","coordinates":[11.3298,47.49408]},"properties":{"id":284141671,"name":"Schöttelkarspitze","ele":2050,"country":"DE","wikidata":"Q139309","wikipedia":"de:Schöttelkarspitze"}},
    {"type":"Feature","id":449389006,"geometry":{"type":"Point","coordinates":[11.18527,47.54888]},"properties":{"id":449389006,"name":"Oberer Rißkopf","ele":2049,"country":"DE","wikidata":"Q21996583","wikipedia":"de:Oberer Rißkopf"}},
    {"type":"Feature","id":2730701110,"geometry":{"type":"Point","coordinates":[12.08619,47.21542]},"properties":{"id":2730701110,"name":"Schönbichl","ele":2049,"country":"AT","wikidata":"Q21865560"}},
    {"type":"Feature","id":1617864294,"geometry":{"type":"Point","coordinates":[11.47219,47.44592]},"properties":{"id":1617864294,"name":"Südlicher Stuhlkopf","ele":2049,"country":"AT","wikidata":"Q97156154"}},
    {"type":"Feature","id":456015206,"geometry":{"type":"Point","coordinates":[12.04277,47.2058]},"properties":{"id":456015206,"name":"Arbiskogel","ele":2048,"country":"AT"}},
    {"type":"Feature","id":5034081693,"geometry":{"type":"Point","coordinates":[11.32877,47.492]},"properties":{"id":5034081693,"name":"Feldernkreuz","ele":2048,"country":"DE","wikidata":"Q15056103"}},
    {"type":"Feature","id":2526645267,"geometry":{"type":"Point","coordinates":[11.17983,47.54834]},"properties":{"id":2526645267,"name":"Kareck","ele":2046,"country":"DE","wikidata":"Q31536162"}},
    {"type":"Feature","id":2292516416,"geometry":{"type":"Point","coordinates":[12.26095,47.34834]},"properties":{"id":2292516416,"name":"Gerstinger Joch","ele":2043,"country":"AT","wikidata":"Q21871010"}},
    {"type":"Feature","id":7716382639,"geometry":{"type":"Point","coordinates":[11.27126,47.30948]},"properties":{"id":7716382639,"name":"Kreuzjöchl","ele":2043,"country":null}},
    {"type":"Feature","id":1521079303,"geometry":{"type":"Point","coordinates":[11.73472,47.45855]},"properties":{"id":1521079303,"name":"Klobenjoch","ele":2041,"country":"AT","wikidata":"Q25926629","wikipedia":"de:Klobenjochspitze"}},
    {"type":"Feature","id":1365277042,"geometry":{"type":"Point","coordinates":[12.28907,47.22426]},"properties":{"id":1365277042,"name":"Hachelkopf","ele":2040,"country":"AT"}},
    {"type":"Feature","id":1864709720,"geometry":{"type":"Point","coordinates":[12.27915,47.56662]},"properties":{"id":1864709720,"name":"Oberes Gamskarköpfl","ele":2040,"country":"AT"}},
    {"type":"Feature","id":11537687547,"geometry":{"type":"Point","coordinates":[11.76365,47.44697]},"properties":{"id":11537687547,"name":"Gschöllkopf","ele":2039,"country":"AT","wikidata":"Q120501105","wikipedia":"de:Gschöllkopf"}},
    {"type":"Feature","id":269556481,"geometry":{"type":"Point","coordinates":[12.13528,47.22486]},"properties":{"id":269556481,"name":"Plattenkogel","ele":2039,"country":"AT","wikidata":"Q27927375","wikipedia":"de:Plattenkogel"}},
    {"type":"Feature","id":12135517254,"geometry":{"type":"Point","coordinates":[12.26228,47.36813]},"properties":{"id":12135517254,"name":"Floch-Kreuzgipfel","ele":2037,"country":"AT"}},
    {"type":"Feature","id":449491364,"geometry":{"type":"Point","coordinates":[11.17579,47.54045]},"properties":{"id":449491364,"name":"Bischof","ele":2033,"country":"DE","wikidata":"Q866104"}},
    {"type":"Feature","id":256041663,"geometry":{"type":"Point","coordinates":[12.26628,47.37798]},"properties":{"id":256041663,"name":"Brechhorn","ele":2032,"country":"AT","wikidata":"Q872479","wikipedia":"de:Brechhorn"}},
    {"type":"Feature","id":1792346513,"geometry":{"type":"Point","coordinates":[12.26032,47.56234]},"properties":{"id":1792346513,"name":"Östlicher Hackenkopf","ele":2030,"country":"AT"}},
    {"type":"Feature","id":2871223673,"geometry":{"type":"Point","coordinates":[11.51918,47.47902]},"properties":{"id":2871223673,"name":"Fleischbank","ele":2028,"country":"AT","wikidata":"Q872348","wikipedia":"de:Fleischbank (Karwendel)"}},
    {"type":"Feature","id":2184050351,"geometry":{"type":"Point","coordinates":[11.71135,47.27511]},"properties":{"id":2184050351,"name":"Nonsjöchl","ele":2028,"country":"AT"}},
    {"type":"Feature","id":1800646912,"geometry":{"type":"Point","coordinates":[12.12989,47.2129]},"properties":{"id":1800646912,"name":"Farnbühel","ele":2026,"country":"AT"}},
    {"type":"Feature","id":527842999,"geometry":{"type":"Point","coordinates":[11.64718,47.38819]},"properties":{"id":527842999,"name":"Brentenkopf","ele":2024,"country":"AT"}},
    {"type":"Feature","id":3916774207,"geometry":{"type":"Point","coordinates":[12.26866,47.20625]},"properties":{"id":3916774207,"name":"Krautgarten","ele":2024,"country":"AT"}},
    {"type":"Feature","id":1618981853,"geometry":{"type":"Point","coordinates":[11.64883,47.50016]},"properties":{"id":1618981853,"name":"Schreckenspitze","ele":2023,"country":"AT","wikidata":"Q2249570","wikipedia":"de:Schreckenspitze"}},
    {"type":"Feature","id":3916774210,"geometry":{"type":"Point","coordinates":[12.27323,47.20086]},"properties":{"id":3916774210,"name":"Silberofen","ele":2022,"country":"AT"}},
    {"type":"Feature","id":5239339862,"geometry":{"type":"Point","coordinates":[11.74699,47.32065]},"properties":{"id":5239339862,"name":"Arbeserkogel","ele":2020,"country":"AT","wikidata":"Q21873399"}},
    {"type":"Feature","id":304628030,"geometry":{"type":"Point","coordinates":[11.54252,47.47686]},"properties":{"id":304628030,"name":"Grasberg","ele":2020,"country":"AT","wikidata":"Q1543409","wikipedia":"de:Grasbergjoch"}},
    {"type":"Feature","id":333932217,"geometry":{"type":"Point","coordinates":[11.58595,47.40285]},"properties":{"id":333932217,"name":"Gramaijoch","ele":2017,"country":"AT","wikidata":"Q97721577"}},
    {"type":"Feature","id":1617864293,"geometry":{"type":"Point","coordinates":[11.47317,47.44767]},"properties":{"id":1617864293,"name":"Nördlicher Stuhlkopf","ele":2015,"country":"AT"}},
    {"type":"Feature","id":527360288,"geometry":{"type":"Point","coordinates":[11.41313,47.45465]},"properties":{"id":527360288,"name":"Östliche Steinkarspitze","ele":2015,"country":"DE","wikidata":"Q21873241","wikipedia":"de:Steinkarspitze (Karwendel)"}},
    {"type":"Feature","id":527799262,"geometry":{"type":"Point","coordinates":[11.55671,47.43458]},"properties":{"id":527799262,"name":"Roßkopfspitze","ele":2015,"country":"AT","wikidata":"Q97721575"}},
    {"type":"Feature","id":1588712704,"geometry":{"type":"Point","coordinates":[11.3611,47.32406]},"properties":{"id":1588712704,"name":"Widdersberg","ele":2015,"country":"AT"}},
    {"type":"Feature","id":5418561604,"geometry":{"type":"Point","coordinates":[12.22238,47.21363]},"properties":{"id":5418561604,"name":"Glatz","ele":2014,"country":"AT"}},
    {"type":"Feature","id":3112764094,"geometry":{"type":"Point","coordinates":[11.10495,47.40282]},"properties":{"id":3112764094,"name":"Oberreintalturm","ele":2014,"country":"DE"}},
    {"type":"Feature","id":1617864295,"geometry":{"type":"Point","coordinates":[11.43833,47.45554]},"properties":{"id":1617864295,"name":"Torkopf","ele":2014,"country":"AT","wikidata":"Q15132438","wikipedia":"de:Torkopf (Karwendel)"}},
    {"type":"Feature","id":1493637349,"geometry":{"type":"Point","coordinates":[11.5301,47.47913]},"properties":{"id":1493637349,"name":"Hölzelstaljoch","ele":2012,"country":"AT","wikidata":"Q1644122","wikipedia":"de:Hölzelstaljoch"}},
    {"type":"Feature","id":289782301,"geometry":{"type":"Point","coordinates":[11.58452,47.45555]},"properties":{"id":289782301,"name":"Kompar","ele":2011,"country":"AT","wikidata":"Q1780760","wikipedia":"de:Kompar"}},
    {"type":"Feature","id":2110915779,"geometry":{"type":"Point","coordinates":[11.22817,47.30864]},"properties":{"id":2110915779,"name":"Rauenkopf","ele":2011,"country":"AT","wikidata":"Q18166153"}},
    {"type":"Feature","id":2076476475,"geometry":{"type":"Point","coordinates":[11.36101,47.49201]},"properties":{"id":2076476475,"name":"Gumpenkarspitze","ele":2010,"country":"DE","wikidata":"Q15111956"}},
    {"type":"Feature","id":1161136429,"geometry":{"type":"Point","coordinates":[11.19929,47.54459]},"properties":{"id":1161136429,"name":"Krottenkopf Ostgipfel","ele":2008,"country":"DE"}},
    {"type":"Feature","id":268952724,"geometry":{"type":"Point","coordinates":[11.73471,47.52986]},"properties":{"id":268952724,"name":"Hinterunnutz","ele":2007,"country":"AT","wikidata":"Q2496641","wikipedia":"de:Unnütze"}},
    {"type":"Feature","id":527843002,"geometry":{"type":"Point","coordinates":[11.66377,47.42051]},"properties":{"id":527843002,"name":"Dristenkopf","ele":2005,"country":"AT","wikidata":"Q56299239"}},
    {"type":"Feature","id":2857652502,"geometry":{"type":"Point","coordinates":[12.19752,47.29886]},"properties":{"id":2857652502,"name":"Freimöserkopf","ele":2005,"country":"AT"}},
    {"type":"Feature","id":638395899,"geometry":{"type":"Point","coordinates":[11.98246,47.34684]},"properties":{"id":638395899,"name":"Heimjoch (Mareitkopf)","ele":2004,"country":"AT"}},
    {"type":"Feature","id":293170351,"geometry":{"type":"Point","coordinates":[11.80316,47.46606]},"properties":{"id":293170351,"name":"Marchspitze","ele":2004,"country":"AT"}},
    {"type":"Feature","id":256041880,"geometry":{"type":"Point","coordinates":[12.27781,47.60689]},"properties":{"id":256041880,"name":"Vordere Kesselschneid","ele":2002,"country":"AT","prominence":603,"wikidata":"Q872754","wikipedia":"de:Vordere Kesselschneid"}},
    {"type":"Feature","id":659580848,"geometry":{"type":"Point","coordinates":[11.20176,47.39053]},"properties":{"id":659580848,"name":"Weißlehnkopf","ele":2002,"country":"AT","wikidata":"Q21878044"}},
    {"type":"Feature","id":748358812,"geometry":{"type":"Point","coordinates":[11.24296,47.20198]},"properties":{"id":748358812,"name":"Salfeins","ele":2000,"country":"AT","wikidata":"Q21865324"}},
    {"type":"Feature","id":12097971759,"geometry":{"type":"Point","coordinates":[11.11176,47.4058]},"properties":{"id":12097971759,"name":"Unterer Berggeistturm","ele":2000,"country":"DE"}},
    {"type":"Feature","id":1315894310,"geometry":{"type":"Point","coordinates":[12.26426,47.56297]},"properties":{"id":1315894310,"name":"Wiesberg","ele":1998,"country":"AT"}},
    {"type":"Feature","id":266412290,"geometry":{"type":"Point","coordinates":[12.27674,47.61005]},"properties":{"id":266412290,"name":"Pyramidenspitze","ele":1997,"country":"AT","wikidata":"Q873582","wikipedia":"de:Pyramidenspitze"}},
    {"type":"Feature","id":966050567,"geometry":{"type":"Point","coordinates":[12.28278,47.60326]},"properties":{"id":966050567,"name":"Hintere Kesselschneid","ele":1995,"country":"AT"}},
    {"type":"Feature","id":1617863453,"geometry":{"type":"Point","coordinates":[11.71227,47.41479]},"properties":{"id":1617863453,"name":"Bärenkopf","ele":1991,"country":"AT","wikidata":"Q15108495","wikipedia":"de:Bärenkopf (Karwendel)"}},
    {"type":"Feature","id":1431131387,"geometry":{"type":"Point","coordinates":[11.49165,47.5146]},"properties":{"id":1431131387,"name":"Oberes Lichteck","ele":1990,"country":"DE","wikidata":"Q31529172","wikipedia":"de:Oberes Lichteck"}},
    {"type":"Feature","id":431361201,"geometry":{"type":"Point","coordinates":[12.08762,47.37147]},"properties":{"id":431361201,"name":"Schwaigberghorn","ele":1990,"country":"AT"}},
    {"type":"Feature","id":1646863523,"geometry":{"type":"Point","coordinates":[11.17746,47.43225]},"properties":{"id":1646863523,"name":"Zirbelkopf","ele":1989,"country":"DE","wikidata":"Q21557739"}},
    {"type":"Feature","id":303386628,"geometry":{"type":"Point","coordinates":[11.62546,47.54336]},"properties":{"id":303386628,"name":"Juifen","ele":1987,"country":"AT","wikidata":"Q1711574","wikipedia":"de:Juifen"}},
    {"type":"Feature","id":73987193,"geometry":{"type":"Point","coordinates":[11.94964,47.59858]},"properties":{"id":73987193,"name":"Hinteres Sonnwendjoch","ele":1986,"country":"AT","prominence":949,"wikidata":"Q390493","wikipedia":"de:Hinteres Sonnwendjoch"}},
    {"type":"Feature","id":2880723177,"geometry":{"type":"Point","coordinates":[11.64632,47.50544]},"properties":{"id":2880723177,"name":"Moosenspitze","ele":1986,"country":"AT"}},
    {"type":"Feature","id":304627418,"geometry":{"type":"Point","coordinates":[11.50456,47.48598]},"properties":{"id":304627418,"name":"Schönalmjoch","ele":1986,"country":"AT","wikidata":"Q15059933","wikipedia":"de:Schönalmjoch"}},
    {"type":"Feature","id":26863431,"geometry":{"type":"Point","coordinates":[11.04726,47.50688]},"properties":{"id":26863431,"name":"Kramerspitz","ele":1985,"country":"DE","wikidata":"Q885415","wikipedia":"de:Kramerspitz"}},
    {"type":"Feature","id":526813231,"geometry":{"type":"Point","coordinates":[11.61078,47.3564]},"properties":{"id":526813231,"name":"Sunnschartspitze","ele":1982,"country":"AT"}},
    {"type":"Feature","id":793827032,"geometry":{"type":"Point","coordinates":[12.0796,47.36622]},"properties":{"id":793827032,"name":"Breitegg Gern","ele":1981,"country":"AT"}},
    {"type":"Feature","id":5075323808,"geometry":{"type":"Point","coordinates":[11.78692,47.46326]},"properties":{"id":5075323808,"name":"Seileggspitze","ele":1981,"country":"AT"}},
    {"type":"Feature","id":527352547,"geometry":{"type":"Point","coordinates":[11.33223,47.45857]},"properties":{"id":527352547,"name":"Steinkarkopf","ele":1981,"country":"DE","wikidata":"Q31514418"}},
    {"type":"Feature","id":966050589,"geometry":{"type":"Point","coordinates":[12.29385,47.60393]},"properties":{"id":966050589,"name":"Großer Roßkaiser","ele":1978,"country":"AT"}},
    {"type":"Feature","id":13974752737,"geometry":{"type":"Point","coordinates":[11.94119,47.27409]},"properties":{"id":13974752737,"name":"Kapaunsa Jöchle","ele":1978,"country":null}},
    {"type":"Feature","id":1617864267,"geometry":{"type":"Point","coordinates":[11.52615,47.39788]},"properties":{"id":1617864267,"name":"Teufelskopf","ele":1978,"country":"AT","wikidata":"Q69164601","wikipedia":"de:Teufelskopf (Karwendel)"}},
    {"type":"Feature","id":1621410667,"geometry":{"type":"Point","coordinates":[11.31366,47.44028]},"properties":{"id":1621410667,"name":"Predigtstuhl","ele":1975,"country":"DE"}},
    {"type":"Feature","id":889092342,"geometry":{"type":"Point","coordinates":[12.27583,47.56689]},"properties":{"id":889092342,"name":"Unteres Gamskarköpfl","ele":1975,"country":"AT"}},
    {"type":"Feature","id":2857652706,"geometry":{"type":"Point","coordinates":[12.25073,47.33976]},"properties":{"id":2857652706,"name":"Kleiner Tanzkogel","ele":1974,"country":"AT"}},
    {"type":"Feature","id":13306536324,"geometry":{"type":"Point","coordinates":[11.05647,47.43619]},"properties":{"id":13306536324,"name":"Aschenköpfe","ele":1973,"country":"DE"}},
    {"type":"Feature","id":268668170,"geometry":{"type":"Point","coordinates":[11.95589,47.60071]},"properties":{"id":268668170,"name":"Krenspitze","ele":1972,"country":"AT"}},
    {"type":"Feature","id":713557449,"geometry":{"type":"Point","coordinates":[12.23567,47.55698]},"properties":{"id":713557449,"name":"Zettenkaiser","ele":1968,"country":"AT","wikidata":"Q15062120","wikipedia":"de:Zettenkaiser"}},
    {"type":"Feature","id":3916774208,"geometry":{"type":"Point","coordinates":[12.22474,47.22352]},"properties":{"id":3916774208,"name":"Rabenkopf","ele":1967,"country":"AT"}},
    {"type":"Feature","id":1620258571,"geometry":{"type":"Point","coordinates":[11.48431,47.3192]},"properties":{"id":1620258571,"name":"Haller Zunterkopf","ele":1966,"country":"AT","wikidata":"Q1386128","wikipedia":"de:Haller Zunterkopf"}},
    {"type":"Feature","id":665124457,"geometry":{"type":"Point","coordinates":[12.00182,47.37191]},"properties":{"id":665124457,"name":"Joelspitze","ele":1964,"country":"AT","wikidata":"Q21868191"}},
    {"type":"Feature","id":2730701008,"geometry":{"type":"Point","coordinates":[12.08785,47.21113]},"properties":{"id":2730701008,"name":"Lahnerhöhe","ele":1964,"country":"AT"}},
    {"type":"Feature","id":2857666001,"geometry":{"type":"Point","coordinates":[12.20812,47.30228]},"properties":{"id":2857666001,"name":"Grünkogel","ele":1963,"country":"AT"}},
    {"type":"Feature","id":1475008337,"geometry":{"type":"Point","coordinates":[11.80628,47.53961]},"properties":{"id":1475008337,"name":"Guffertstein","ele":1963,"country":"AT"}},
    {"type":"Feature","id":2076441439,"geometry":{"type":"Point","coordinates":[11.38142,47.49698]},"properties":{"id":2076441439,"name":"Dreierspitz","ele":1962,"country":"DE"}},
    {"type":"Feature","id":9826180207,"geometry":{"type":"Point","coordinates":[12.29399,47.5499]},"properties":{"id":9826180207,"name":"Schutterfeldköpfe","ele":1962,"country":"AT"}},
    {"type":"Feature","id":13321949460,"geometry":{"type":"Point","coordinates":[11.11249,47.41665]},"properties":{"id":13321949460,"name":"Teufelsgsaß","ele":1962,"country":"DE"}},
    {"type":"Feature","id":482340809,"geometry":{"type":"Point","coordinates":[11.31766,47.49182]},"properties":{"id":482340809,"name":"Seinskopf","ele":1961,"country":"DE","wikidata":"Q31521058"}},
    {"type":"Feature","id":793827028,"geometry":{"type":"Point","coordinates":[12.07885,47.36073]},"properties":{"id":793827028,"name":"Wildkarspitze","ele":1961,"country":"AT","wikidata":"Q16897652","wikipedia":"en:Wildkarspitze (Kitzbühel Alps)"}},
    {"type":"Feature","id":7698991886,"geometry":{"type":"Point","coordinates":[11.15394,47.2516]},"properties":{"id":7698991886,"name":"Archbrandköpfl","ele":1960,"country":"AT"}},
    {"type":"Feature","id":758409586,"geometry":{"type":"Point","coordinates":[11.42584,47.36331]},"properties":{"id":758409586,"name":"Gumpenkopf","ele":1960,"country":"AT"}},
    {"type":"Feature","id":2964193933,"geometry":{"type":"Point","coordinates":[11.65571,47.36459]},"properties":{"id":2964193933,"name":"Hirschkopf","ele":1960,"country":"AT"}},
    {"type":"Feature","id":11918059884,"geometry":{"type":"Point","coordinates":[11.40946,47.36272]},"properties":{"id":11918059884,"name":"Zeigerkopf","ele":1958,"country":"AT"}},
    {"type":"Feature","id":1418426349,"geometry":{"type":"Point","coordinates":[11.77375,47.42558]},"properties":{"id":1418426349,"name":"Ebner Joch","ele":1957,"country":"AT","wikidata":"Q15110044","wikipedia":"de:Ebner Joch"}},
    {"type":"Feature","id":290444110,"geometry":{"type":"Point","coordinates":[12.26576,47.40492]},"properties":{"id":290444110,"name":"Gampenkogel","ele":1957,"country":"AT","wikidata":"Q21870901"}},
    {"type":"Feature","id":4602677941,"geometry":{"type":"Point","coordinates":[12.00688,47.36526]},"properties":{"id":4602677941,"name":"Saupanzen","ele":1957,"country":"AT"}},
    {"type":"Feature","id":4224427657,"geometry":{"type":"Point","coordinates":[11.12689,47.42384]},"properties":{"id":4224427657,"name":"Schachentorkopf","ele":1957,"country":"DE","wikidata":"Q31523833"}},
    {"type":"Feature","id":524403674,"geometry":{"type":"Point","coordinates":[11.28547,47.34318]},"properties":{"id":524403674,"name":"Maderegg","ele":1954,"country":"AT"}},
    {"type":"Feature","id":1618981812,"geometry":{"type":"Point","coordinates":[11.65827,47.47474]},"properties":{"id":1618981812,"name":"Hohe Gans","ele":1950,"country":"AT"}},
    {"type":"Feature","id":2730700904,"geometry":{"type":"Point","coordinates":[12.09317,47.21973]},"properties":{"id":2730700904,"name":"Filzenhöhe","ele":1948,"country":"AT"}},
    {"type":"Feature","id":2857665607,"geometry":{"type":"Point","coordinates":[12.17635,47.35881]},"properties":{"id":2857665607,"name":"Wiesboden","ele":1947,"country":"AT"}},
    {"type":"Feature","id":304168699,"geometry":{"type":"Point","coordinates":[11.49581,47.50082]},"properties":{"id":304168699,"name":"Delpsjoch","ele":1945,"country":"AT","wikidata":"Q15055797","wikipedia":"de:Delpsjoch"}},
    {"type":"Feature","id":427615023,"geometry":{"type":"Point","coordinates":[11.24426,47.20541]},"properties":{"id":427615023,"name":"Figl","ele":1944,"country":"AT"}},
    {"type":"Feature","id":1987164063,"geometry":{"type":"Point","coordinates":[11.81271,47.46071]},"properties":{"id":1987164063,"name":"Latschberg","ele":1944,"country":"AT"}},
    {"type":"Feature","id":277716081,"geometry":{"type":"Point","coordinates":[11.00384,47.54501]},"properties":{"id":277716081,"name":"Kieneckspitz","ele":1943,"country":"DE"}},
    {"type":"Feature","id":431763023,"geometry":{"type":"Point","coordinates":[11.30231,47.28141]},"properties":{"id":431763023,"name":"Kirchbergköpfl","ele":1943,"country":"AT","wikidata":"Q21878240"}},
    {"type":"Feature","id":526813240,"geometry":{"type":"Point","coordinates":[11.63548,47.36073]},"properties":{"id":526813240,"name":"Unterer Bärenkopf","ele":1942,"country":"AT"}},
    {"type":"Feature","id":519688895,"geometry":{"type":"Point","coordinates":[11.15317,47.53135]},"properties":{"id":519688895,"name":"Hoher Fricken","ele":1940,"country":"DE","wikidata":"Q315767","wikipedia":"de:Hoher Fricken"}},
    {"type":"Feature","id":293170352,"geometry":{"type":"Point","coordinates":[11.82703,47.46686]},"properties":{"id":293170352,"name":"Roßkogel","ele":1940,"country":"AT","wikidata":"Q21877962"}},
    {"type":"Feature","id":715720549,"geometry":{"type":"Point","coordinates":[11.19146,47.55465]},"properties":{"id":715720549,"name":"Schindlerskopf","ele":1940,"country":"DE","wikidata":"Q21996585","wikipedia":"de:Schindlerskopf"}},
    {"type":"Feature","id":616751711,"geometry":{"type":"Point","coordinates":[11.51341,47.50152]},"properties":{"id":616751711,"name":"Baumgartenjoch","ele":1939,"country":"AT","wikidata":"Q21876558"}},
    {"type":"Feature","id":292803997,"geometry":{"type":"Point","coordinates":[11.18143,47.24265]},"properties":{"id":292803997,"name":"Rangger Köpfl","ele":1939,"country":"AT","wikidata":"Q1671078","wikipedia":"de:Rangger Köpfl"}},
    {"type":"Feature","id":5075323819,"geometry":{"type":"Point","coordinates":[11.77448,47.46237]},"properties":{"id":5075323819,"name":"Gamswandspitze (Ampmooser Rosskopf)","ele":1937,"country":"AT"}},
    {"type":"Feature","id":268765217,"geometry":{"type":"Point","coordinates":[11.01206,47.51424]},"properties":{"id":268765217,"name":"Hirschbichel","ele":1935,"country":"DE","wikidata":"Q15056679"}},
    {"type":"Feature","id":1453428774,"geometry":{"type":"Point","coordinates":[11.60359,47.45133]},"properties":{"id":1453428774,"name":"Satteljoch","ele":1935,"country":"AT"}},
    {"type":"Feature","id":277716823,"geometry":{"type":"Point","coordinates":[11.00017,47.53909]},"properties":{"id":277716823,"name":"Geißsprüngkopf","ele":1934,"country":"DE","wikidata":"Q31556464"}},
    {"type":"Feature","id":659580779,"geometry":{"type":"Point","coordinates":[11.1945,47.38945]},"properties":{"id":659580779,"name":"Arnkopf","ele":1933,"country":"AT"}},
    {"type":"Feature","id":5075323805,"geometry":{"type":"Point","coordinates":[11.79447,47.46439]},"properties":{"id":5075323805,"name":"Saukamp","ele":1932,"country":"AT"}},
    {"type":"Feature","id":524403673,"geometry":{"type":"Point","coordinates":[11.27183,47.34407]},"properties":{"id":524403673,"name":"Brunstkopf","ele":1930,"country":"AT"}},
    {"type":"Feature","id":1620258705,"geometry":{"type":"Point","coordinates":[11.31122,47.33595]},"properties":{"id":1620258705,"name":"Zischgenkopf","ele":1930,"country":"AT"}},
    {"type":"Feature","id":2329389981,"geometry":{"type":"Point","coordinates":[11.44686,47.35264]},"properties":{"id":2329389981,"name":"Mittlerer Gschnierkopf","ele":1929,"country":"AT"}},
    {"type":"Feature","id":3730237488,"geometry":{"type":"Point","coordinates":[11.70671,47.2767]},"properties":{"id":3730237488,"name":"Nonsberg","ele":1928,"country":"AT"}},
    {"type":"Feature","id":277716329,"geometry":{"type":"Point","coordinates":[11.02904,47.53024]},"properties":{"id":277716329,"name":"Vorderer Felderkopf","ele":1928,"country":"DE","wikidata":"Q2533726"}},
    {"type":"Feature","id":715720509,"geometry":{"type":"Point","coordinates":[11.19445,47.55772]},"properties":{"id":715720509,"name":"Archtalkopf","ele":1927,"country":"DE","wikidata":"Q31553448"}},
    {"type":"Feature","id":816321807,"geometry":{"type":"Point","coordinates":[11.63536,47.52037]},"properties":{"id":816321807,"name":"Rether Kopf","ele":1926,"country":"AT","wikidata":"Q21876551"}},
    {"type":"Feature","id":1317717335,"geometry":{"type":"Point","coordinates":[12.17301,47.36346]},"properties":{"id":1317717335,"name":"Lodron","ele":1925,"country":"AT","wikidata":"Q21869049"}},
    {"type":"Feature","id":1621410556,"geometry":{"type":"Point","coordinates":[11.28458,47.40006]},"properties":{"id":1621410556,"name":"Brunnsteinkopf","ele":1924,"country":"AT"}},
    {"type":"Feature","id":966046973,"geometry":{"type":"Point","coordinates":[12.26282,47.61214]},"properties":{"id":966046973,"name":"Einserkogel","ele":1924,"country":"AT"}},
    {"type":"Feature","id":430605934,"geometry":{"type":"Point","coordinates":[11.75918,47.29008]},"properties":{"id":430605934,"name":"Kleiner Gamsstein","ele":1924,"country":"AT","wikidata":"Q106076583"}},
    {"type":"Feature","id":7678135852,"geometry":{"type":"Point","coordinates":[11.07915,47.4244]},"properties":{"id":7678135852,"name":"Stuibenkopf","ele":1924,"country":"DE","wikidata":"Q31555595"}},
    {"type":"Feature","id":1621410920,"geometry":{"type":"Point","coordinates":[11.58644,47.54608]},"properties":{"id":1621410920,"name":"Demeljoch","ele":1923,"country":"AT","wikidata":"Q684757","wikipedia":"de:Demeljoch"}},
    {"type":"Feature","id":339131407,"geometry":{"type":"Point","coordinates":[12.08524,47.3855]},"properties":{"id":339131407,"name":"Feldalphorn","ele":1923,"country":"AT","wikidata":"Q1402288","wikipedia":"de:Feldalphorn"}},
    {"type":"Feature","id":1418706738,"geometry":{"type":"Point","coordinates":[11.64576,47.51006]},"properties":{"id":1418706738,"name":"Sonntagsspitze","ele":1923,"country":"AT","wikidata":"Q21877928"}},
    {"type":"Feature","id":268949227,"geometry":{"type":"Point","coordinates":[11.20797,47.5611]},"properties":{"id":268949227,"name":"Hohe Kisten","ele":1922,"country":"DE","wikidata":"Q316328"}},
    {"type":"Feature","id":966050530,"geometry":{"type":"Point","coordinates":[12.29705,47.60488]},"properties":{"id":966050530,"name":"Kleiner Roßkaiser","ele":1922,"country":"AT"}},
    {"type":"Feature","id":527354044,"geometry":{"type":"Point","coordinates":[11.3494,47.45467]},"properties":{"id":527354044,"name":"Kampenleitenspitze","ele":1921,"country":"DE"}},
    {"type":"Feature","id":256041958,"geometry":{"type":"Point","coordinates":[11.6115,47.45674]},"properties":{"id":256041958,"name":"Plumsjoch","ele":1921,"country":"AT","wikidata":"Q2099712","wikipedia":"de:Plumsjoch"}},
    {"type":"Feature","id":448886687,"geometry":{"type":"Point","coordinates":[11.50204,47.40213]},"properties":{"id":448886687,"name":"Ladizköpfl","ele":1920,"country":"AT"}},
    {"type":"Feature","id":3398215764,"geometry":{"type":"Point","coordinates":[11.79821,47.33032]},"properties":{"id":3398215764,"name":"Spieljoch","ele":1920,"country":"AT"}},
    {"type":"Feature","id":1479091860,"geometry":{"type":"Point","coordinates":[12.03491,47.36151]},"properties":{"id":1479091860,"name":"Steinernes Manndl","ele":1920,"country":"AT"}},
    {"type":"Feature","id":3711074217,"geometry":{"type":"Point","coordinates":[11.01855,47.34994]},"properties":{"id":3711074217,"name":"Wetterkreuz","ele":1920,"country":"AT"}},
    {"type":"Feature","id":8537285112,"geometry":{"type":"Point","coordinates":[11.07952,47.42362]},"properties":{"id":8537285112,"name":"Mauerschartenkopf","ele":1919,"country":"DE"}},
    {"type":"Feature","id":453575060,"geometry":{"type":"Point","coordinates":[11.47251,47.31965]},"properties":{"id":453575060,"name":"Thaurer Zunterkopf","ele":1918,"country":"AT","wikidata":"Q2409261","wikipedia":"de:Thaurer Zunterkopf"}},
    {"type":"Feature","id":966046966,"geometry":{"type":"Point","coordinates":[12.27051,47.61184]},"properties":{"id":966046966,"name":"Elferkogel","ele":1916,"country":"AT"}},
    {"type":"Feature","id":2730700936,"geometry":{"type":"Point","coordinates":[12.05214,47.32756]},"properties":{"id":2730700936,"name":"Hahnenkopf","ele":1914,"country":"AT"}},
    {"type":"Feature","id":2964241729,"geometry":{"type":"Point","coordinates":[11.65655,47.3659]},"properties":{"id":2964241729,"name":"Jöchl","ele":1913,"country":"AT"}},
    {"type":"Feature","id":1612610971,"geometry":{"type":"Point","coordinates":[11.30532,47.2793]},"properties":{"id":1612610971,"name":"Rauhenkopf","ele":1912,"country":"AT","wikidata":"Q1592886","wikipedia":"de:Hechenberg"}},
    {"type":"Feature","id":1488838379,"geometry":{"type":"Point","coordinates":[12.26505,47.61058]},"properties":{"id":1488838379,"name":"Zwölferkogel","ele":1912,"country":"AT"}},
    {"type":"Feature","id":5930135814,"geometry":{"type":"Point","coordinates":[11.05708,47.44213]},"properties":{"id":5930135814,"name":"Längenfelderkopf","ele":1910,"country":"DE","wikidata":"Q98011875"}},
    {"type":"Feature","id":1621410918,"geometry":{"type":"Point","coordinates":[11.51867,47.51093]},"properties":{"id":1621410918,"name":"Stierjoch","ele":1909,"country":"AT","wikidata":"Q2348522","wikipedia":"en:Stierjoch"}},
    {"type":"Feature","id":2896177129,"geometry":{"type":"Point","coordinates":[11.3862,47.50246]},"properties":{"id":2896177129,"name":"Bayerkarspitze","ele":1908,"country":"DE"}},
    {"type":"Feature","id":7678135853,"geometry":{"type":"Point","coordinates":[11.0793,47.42585]},"properties":{"id":7678135853,"name":"Stuibenspitze","ele":1908,"country":"DE"}},
    {"type":"Feature","id":527873884,"geometry":{"type":"Point","coordinates":[11.3352,47.50204]},"properties":{"id":527873884,"name":"Schöttelkopf","ele":1907,"country":"DE","wikidata":"Q31521836"}},
    {"type":"Feature","id":1334588650,"geometry":{"type":"Point","coordinates":[11.63721,47.52803]},"properties":{"id":1334588650,"name":"Kafell","ele":1906,"country":"AT","wikidata":"Q21876530"}},
    {"type":"Feature","id":12135508043,"geometry":{"type":"Point","coordinates":[12.2573,47.36184]},"properties":{"id":12135508043,"name":"Gassnerkogel","ele":1904,"country":"AT"}},
    {"type":"Feature","id":4584227381,"geometry":{"type":"Point","coordinates":[11.26525,47.30166]},"properties":{"id":4584227381,"name":"Garberskopf","ele":1903,"country":"AT"}},
    {"type":"Feature","id":429849122,"geometry":{"type":"Point","coordinates":[11.98412,47.38999]},"properties":{"id":429849122,"name":"Schatzberg","ele":1903,"country":"AT","wikidata":"Q2231788","wikipedia":"de:Schatzberg"}},
    {"type":"Feature","id":1688956160,"geometry":{"type":"Point","coordinates":[11.98446,47.38513]},"properties":{"id":1688956160,"name":"Hahnkopf","ele":1902,"country":"AT"}},
    {"type":"Feature","id":1334588651,"geometry":{"type":"Point","coordinates":[11.63597,47.53348]},"properties":{"id":1334588651,"name":"Marbichler Spitze","ele":1898,"country":"AT","wikidata":"Q21876531"}},
    {"type":"Feature","id":1486837926,"geometry":{"type":"Point","coordinates":[11.76282,47.33769]},"properties":{"id":1486837926,"name":"Proxenstand","ele":1896,"country":"AT"}},
    {"type":"Feature","id":277715525,"geometry":{"type":"Point","coordinates":[11.0328,47.53377]},"properties":{"id":277715525,"name":"Großer Zunderkopf","ele":1895,"country":"DE","wikidata":"Q31556431"}},
    {"type":"Feature","id":4203100372,"geometry":{"type":"Point","coordinates":[11.62891,47.51735]},"properties":{"id":4203100372,"name":"Rether Joch","ele":1895,"country":"AT","wikidata":"Q21865116"}},
    {"type":"Feature","id":482340921,"geometry":{"type":"Point","coordinates":[11.3111,47.48944]},"properties":{"id":482340921,"name":"Signalkopf","ele":1895,"country":"DE"}},
    {"type":"Feature","id":418244819,"geometry":{"type":"Point","coordinates":[11.94769,47.41497]},"properties":{"id":418244819,"name":"Gratlspitze","ele":1894,"country":"AT","wikidata":"Q280245","wikipedia":"de:Gratlspitze"}},
    {"type":"Feature","id":1588713153,"geometry":{"type":"Point","coordinates":[11.22938,47.30535]},"properties":{"id":1588713153,"name":"Holzköpfl","ele":1893,"country":"AT"}},
    {"type":"Feature","id":1794742044,"geometry":{"type":"Point","coordinates":[12.24949,47.40353]},"properties":{"id":1794742044,"name":"Fleiding","ele":1892,"country":"AT","wikidata":"Q21874153","wikipedia":"sv:Fleiding"}},
    {"type":"Feature","id":966050616,"geometry":{"type":"Point","coordinates":[12.28196,47.6138]},"properties":{"id":966050616,"name":"Jovenspitze","ele":1892,"country":"AT"}},
    {"type":"Feature","id":2329366399,"geometry":{"type":"Point","coordinates":[11.43746,47.35216]},"properties":{"id":2329366399,"name":"Kleiner Gschnierkopf","ele":1892,"country":"AT"}},
    {"type":"Feature","id":773900398,"geometry":{"type":"Point","coordinates":[11.0341,47.44963]},"properties":{"id":773900398,"name":"Manndl","ele":1889,"country":"DE","wikidata":"Q31555907"}},
    {"type":"Feature","id":277715389,"geometry":{"type":"Point","coordinates":[11.05507,47.55344]},"properties":{"id":277715389,"name":"Notkarspitze","ele":1888,"country":"DE","wikidata":"Q880033"}},
    {"type":"Feature","id":2857666111,"geometry":{"type":"Point","coordinates":[12.18567,47.35896]},"properties":{"id":2857666111,"name":"Steinberg","ele":1887,"country":"AT"}},
    {"type":"Feature","id":795708076,"geometry":{"type":"Point","coordinates":[12.24818,47.41639]},"properties":{"id":795708076,"name":"Nachtsöllberg","ele":1886,"country":"AT","wikidata":"Q21866204"}},
    {"type":"Feature","id":3558431062,"geometry":{"type":"Point","coordinates":[11.59327,47.54471]},"properties":{"id":3558431062,"name":"Zotenjoch","ele":1885,"country":"AT","wikidata":"Q21876535"}},
    {"type":"Feature","id":26864487,"geometry":{"type":"Point","coordinates":[11.93442,47.65021]},"properties":{"id":26864487,"name":"Rotwand","ele":1884,"country":"DE","wikidata":"Q458097","wikipedia":"de:Rotwand (Bayern)"}},
    {"type":"Feature","id":260813828,"geometry":{"type":"Point","coordinates":[11.94141,47.65784]},"properties":{"id":260813828,"name":"Hochmiesing","ele":1883,"country":"DE","wikidata":"Q15056698"}},
    {"type":"Feature","id":1473027215,"geometry":{"type":"Point","coordinates":[11.93597,47.60219]},"properties":{"id":1473027215,"name":"Hinteres Sonnwendjoch Westgipfel","ele":1881,"country":"AT"}},
    {"type":"Feature","id":333932169,"geometry":{"type":"Point","coordinates":[11.58512,47.41195]},"properties":{"id":333932169,"name":"Bärenwandkopf","ele":1871,"country":"AT","wikidata":"Q97527860","wikipedia":"de:Bärenwandkopf"}},
    {"type":"Feature","id":1431144638,"geometry":{"type":"Point","coordinates":[11.57927,47.47255]},"properties":{"id":1431144638,"name":"Heimjoch (Eiskönigspitze)","ele":1871,"country":"AT"}},
    {"type":"Feature","id":527873898,"geometry":{"type":"Point","coordinates":[11.34026,47.51023]},"properties":{"id":527873898,"name":"Ochsenstaffel","ele":1871,"country":"DE","wikidata":"Q31528867"}},
    {"type":"Feature","id":9459163087,"geometry":{"type":"Point","coordinates":[11.17926,47.41528]},"properties":{"id":9459163087,"name":"Rauhkopf","ele":1871,"country":"AT"}},
    {"type":"Feature","id":1387621784,"geometry":{"type":"Point","coordinates":[12.26922,47.61472]},"properties":{"id":1387621784,"name":"Grinnerkopf","ele":1870,"country":"AT"}},
    {"type":"Feature","id":413598471,"geometry":{"type":"Point","coordinates":[11.3269,47.20494]},"properties":{"id":413598471,"name":"Pfriemeskopf","ele":1870,"country":"AT"}},
    {"type":"Feature","id":469929563,"geometry":{"type":"Point","coordinates":[12.07271,47.35382]},"properties":{"id":469929563,"name":"Breiteggspitze","ele":1868,"country":"AT","wikidata":"Q21878105"}},
    {"type":"Feature","id":13416740774,"geometry":{"type":"Point","coordinates":[11.05527,47.51048]},"properties":{"id":13416740774,"name":"Mittergernnadel","ele":1865,"country":"DE"}},
    {"type":"Feature","id":1174846407,"geometry":{"type":"Point","coordinates":[11.08532,47.42433]},"properties":{"id":1174846407,"name":"Hoher Gaifkopf","ele":1864,"country":"DE","wikidata":"Q31555563"}},
    {"type":"Feature","id":277654091,"geometry":{"type":"Point","coordinates":[11.00327,47.50143]},"properties":{"id":277654091,"name":"Hoher Ziegspitz","ele":1864,"country":"DE","wikidata":"Q880231"}},
    {"type":"Feature","id":2641009439,"geometry":{"type":"Point","coordinates":[11.94725,47.65833]},"properties":{"id":2641009439,"name":"Dürrmiesing","ele":1863,"country":"DE","wikidata":"Q31548931"}},
    {"type":"Feature","id":268974034,"geometry":{"type":"Point","coordinates":[11.78108,47.59117]},"properties":{"id":268974034,"name":"Halserspitz","ele":1862,"country":"AT","wikidata":"Q21871544"}},
    {"type":"Feature","id":2329366391,"geometry":{"type":"Point","coordinates":[11.48224,47.33836]},"properties":{"id":2329366391,"name":"Hohe Wand","ele":1862,"country":"AT"}},
    {"type":"Feature","id":4431510090,"geometry":{"type":"Point","coordinates":[11.16209,47.42821]},"properties":{"id":4431510090,"name":"Oberer Kämikopf","ele":1861,"country":"DE"}},
    {"type":"Feature","id":381003555,"geometry":{"type":"Point","coordinates":[11.23063,47.40756]},"properties":{"id":381003555,"name":"Riedkopf","ele":1860,"country":"AT","wikidata":"Q31526155"}},
    {"type":"Feature","id":524838525,"geometry":{"type":"Point","coordinates":[11.52216,47.32973]},"properties":{"id":524838525,"name":"Hüttenspitze","ele":1858,"country":"AT","wikidata":"Q1652614","wikipedia":"de:Hüttenspitze"}},
    {"type":"Feature","id":3859294830,"geometry":{"type":"Point","coordinates":[11.93139,47.64944]},"properties":{"id":3859294830,"name":"Rotwandkopf","ele":1858,"country":"DE"}},
    {"type":"Feature","id":1621410748,"geometry":{"type":"Point","coordinates":[11.43753,47.49709]},"properties":{"id":1621410748,"name":"Vorderskopf","ele":1858,"country":"AT","wikidata":"Q15061601","wikipedia":"de:Vorderskopf"}},
    {"type":"Feature","id":2857648506,"geometry":{"type":"Point","coordinates":[11.92616,47.20165]},"properties":{"id":2857648506,"name":"Larchkopf","ele":1856,"country":"AT"}},
    {"type":"Feature","id":482340807,"geometry":{"type":"Point","coordinates":[11.30939,47.48719]},"properties":{"id":482340807,"name":"Lausberg","ele":1855,"country":"DE"}},
    {"type":"Feature","id":277716175,"geometry":{"type":"Point","coordinates":[11.00978,47.55056]},"properties":{"id":277716175,"name":"Mittageck","ele":1855,"country":"DE"}},
    {"type":"Feature","id":1399568047,"geometry":{"type":"Point","coordinates":[11.96211,47.60311]},"properties":{"id":1399568047,"name":"Angerljoch","ele":1854,"country":"AT"}},
    {"type":"Feature","id":1688956150,"geometry":{"type":"Point","coordinates":[11.99229,47.38153]},"properties":{"id":1688956150,"name":"Gern","ele":1853,"country":"AT"}},
    {"type":"Feature","id":264037688,"geometry":{"type":"Point","coordinates":[12.03763,47.64656]},"properties":{"id":264037688,"name":"Großer Traithen","ele":1852,"country":"DE","prominence":1007,"wikidata":"Q320745","wikipedia":"de:Großer Traithen"}},
    {"type":"Feature","id":2076328206,"geometry":{"type":"Point","coordinates":[11.39588,47.50609]},"properties":{"id":2076328206,"name":"Fermerskopf","ele":1851,"country":"DE","wikidata":"Q31547043"}},
    {"type":"Feature","id":1475008513,"geometry":{"type":"Point","coordinates":[11.82285,47.53668]},"properties":{"id":1475008513,"name":"Sandegg","ele":1849,"country":"AT","wikidata":"Q21876517"}},
    {"type":"Feature","id":268949226,"geometry":{"type":"Point","coordinates":[11.25373,47.56652]},"properties":{"id":268949226,"name":"Simetsberg","ele":1840,"country":"DE","wikidata":"Q315741","wikipedia":"de:Simetsberg (Estergebirge)"}},
    {"type":"Feature","id":1482567409,"geometry":{"type":"Point","coordinates":[11.49387,47.48057]},"properties":{"id":1482567409,"name":"Rosskopf","ele":1839,"country":"AT"}},
    {"type":"Feature","id":26865134,"geometry":{"type":"Point","coordinates":[12.01205,47.70348]},"properties":{"id":26865134,"name":"Wendelstein","ele":1838,"country":"DE","wikidata":"Q819671","wikipedia":"de:Wendelstein (Berg)"}},
    {"type":"Feature","id":2857652803,"geometry":{"type":"Point","coordinates":[12.17252,47.37142]},"properties":{"id":2857652803,"name":"Hundskopf","ele":1836,"country":"AT"}},
    {"type":"Feature","id":1621410936,"geometry":{"type":"Point","coordinates":[11.57335,47.54851]},"properties":{"id":1621410936,"name":"Dürrnbergjoch","ele":1835,"country":"DE"}},
    {"type":"Feature","id":1617864298,"geometry":{"type":"Point","coordinates":[11.40795,47.46927]},"properties":{"id":1617864298,"name":"Rappenklammspitze","ele":1835,"country":"AT","wikidata":"Q15059183","wikipedia":"de:Rappenklammspitze"}},
    {"type":"Feature","id":1617864299,"geometry":{"type":"Point","coordinates":[11.41166,47.45942]},"properties":{"id":1617864299,"name":"Wechselkopf","ele":1835,"country":"AT","wikidata":"Q15061701","wikipedia":"de:Wechselkopf"}},
    {"type":"Feature","id":715851486,"geometry":{"type":"Point","coordinates":[11.05441,47.51038]},"properties":{"id":715851486,"name":"Mittergern","ele":1834,"country":"DE"}},
    {"type":"Feature","id":11279565039,"geometry":{"type":"Point","coordinates":[11.65378,47.48426]},"properties":{"id":11279565039,"name":"Fürhappenkopf","ele":1832,"country":"AT"}},
    {"type":"Feature","id":7567221612,"geometry":{"type":"Point","coordinates":[11.32572,47.2926]},"properties":{"id":7567221612,"name":"Edelweißgufel","ele":1830,"country":"AT"}},
    {"type":"Feature","id":26863211,"geometry":{"type":"Point","coordinates":[12.20417,47.46502]},"properties":{"id":26863211,"name":"Hohe Salve","ele":1829,"country":"AT","prominence":1010,"wikidata":"Q668367","wikipedia":"de:Hohe Salve"}},
    {"type":"Feature","id":714142222,"geometry":{"type":"Point","coordinates":[11.21559,47.54627]},"properties":{"id":714142222,"name":"Klaffen","ele":1829,"country":"DE","wikidata":"Q1744202"}},
    {"type":"Feature","id":11279565037,"geometry":{"type":"Point","coordinates":[11.64932,47.48914]},"properties":{"id":11279565037,"name":"Hoher Kasten","ele":1828,"country":"AT"}},
    {"type":"Feature","id":4354304112,"geometry":{"type":"Point","coordinates":[11.65878,47.46805]},"properties":{"id":4354304112,"name":"Juchtenkopf","ele":1826,"country":"AT"}},
    {"type":"Feature","id":5147853950,"geometry":{"type":"Point","coordinates":[11.54893,47.486]},"properties":{"id":5147853950,"name":"Laurisjoch","ele":1826,"country":"AT"}},
    {"type":"Feature","id":26864452,"geometry":{"type":"Point","coordinates":[11.80355,47.63688]},"properties":{"id":26864452,"name":"Risserkogel","ele":1826,"country":"DE","wikidata":"Q315932","wikipedia":"de:Risserkogel"}},
    {"type":"Feature","id":1523528294,"geometry":{"type":"Point","coordinates":[11.6189,47.4768]},"properties":{"id":1523528294,"name":"Der Mantschen","ele":1825,"country":"AT"}},
    {"type":"Feature","id":1992594036,"geometry":{"type":"Point","coordinates":[11.90834,47.37058]},"properties":{"id":1992594036,"name":"Luderstein","ele":1825,"country":"AT"}},
    {"type":"Feature","id":277716609,"geometry":{"type":"Point","coordinates":[11.00686,47.53034]},"properties":{"id":277716609,"name":"Windstierlkopf","ele":1824,"country":"DE"}},
    {"type":"Feature","id":5475848192,"geometry":{"type":"Point","coordinates":[11.9501,47.59493]},"properties":{"id":5475848192,"name":"Burgstein","ele":1821,"country":"AT"}},
    {"type":"Feature","id":966046956,"geometry":{"type":"Point","coordinates":[12.27396,47.61481]},"properties":{"id":966046956,"name":"Karlkopf","ele":1821,"country":"AT"}},
    {"type":"Feature","id":277716886,"geometry":{"type":"Point","coordinates":[11.01733,47.53082]},"properties":{"id":277716886,"name":"Feldernkopf","ele":1818,"country":"DE"}},
    {"type":"Feature","id":613837530,"geometry":{"type":"Point","coordinates":[11.54127,47.51005]},"properties":{"id":613837530,"name":"Östliches Torjoch","ele":1818,"country":"DE","wikidata":"Q21873242"}},
    {"type":"Feature","id":272246466,"geometry":{"type":"Point","coordinates":[11.03392,47.50648]},"properties":{"id":272246466,"name":"Predigtstuhl","ele":1818,"country":"DE"}},
    {"type":"Feature","id":357496429,"geometry":{"type":"Point","coordinates":[11.04842,47.44468]},"properties":{"id":357496429,"name":"Schwarzenkopf","ele":1818,"country":"DE","wikidata":"Q31555827"}},
    {"type":"Feature","id":715835441,"geometry":{"type":"Point","coordinates":[11.06166,47.51325]},"properties":{"id":715835441,"name":"Katzenkopf","ele":1817,"country":"DE"}},
    {"type":"Feature","id":2128727353,"geometry":{"type":"Point","coordinates":[11.92518,47.65272]},"properties":{"id":2128727353,"name":"Lämpersberg","ele":1817,"country":"DE"}},
    {"type":"Feature","id":277654098,"geometry":{"type":"Point","coordinates":[11.01074,47.50633]},"properties":{"id":277654098,"name":"Vorderer Ziegspitz","ele":1815,"country":"DE"}},
    {"type":"Feature","id":277716083,"geometry":{"type":"Point","coordinates":[11.04618,47.5386]},"properties":{"id":277716083,"name":"Brünstelskopf","ele":1814,"country":"DE","wikidata":"Q31550848"}},
    {"type":"Feature","id":2967964944,"geometry":{"type":"Point","coordinates":[12.268,47.60387]},"properties":{"id":2967964944,"name":"Öchselweidschneid","ele":1814,"country":"AT"}},
    {"type":"Feature","id":527799264,"geometry":{"type":"Point","coordinates":[11.5544,47.4384]},"properties":{"id":527799264,"name":"Unterer Roßkopf","ele":1814,"country":"AT","wikidata":"Q122889358","wikipedia":"de:Unterer Roßkopf"}},
    {"type":"Feature","id":1391543045,"geometry":{"type":"Point","coordinates":[11.64929,47.52794]},"properties":{"id":1391543045,"name":"Hochplatte","ele":1813,"country":"AT","wikidata":"Q1687035","wikipedia":"de:Hochplatte (Achenkirch)"}},
    {"type":"Feature","id":1487711769,"geometry":{"type":"Point","coordinates":[12.04357,47.64423]},"properties":{"id":1487711769,"name":"Unterbergerjoch","ele":1813,"country":"DE","wikidata":"Q31558167"}},
    {"type":"Feature","id":260858296,"geometry":{"type":"Point","coordinates":[11.94528,47.64376]},"properties":{"id":260858296,"name":"Auerspitz","ele":1811,"country":"DE","wikidata":"Q759286"}},
    {"type":"Feature","id":1494197996,"geometry":{"type":"Point","coordinates":[11.78922,47.56661]},"properties":{"id":1494197996,"name":"Schneidjoch","ele":1811,"country":"AT","wikidata":"Q1323166","wikipedia":"de:Schneidjoch"}},
    {"type":"Feature","id":1913686927,"geometry":{"type":"Point","coordinates":[11.92283,47.601]},"properties":{"id":1913686927,"name":"Bärenjoch","ele":1810,"country":"AT"}},
    {"type":"Feature","id":527352554,"geometry":{"type":"Point","coordinates":[11.31618,47.46111]},"properties":{"id":527352554,"name":"Zunderweidkopf","ele":1810,"country":"DE"}},
    {"type":"Feature","id":26864552,"geometry":{"type":"Point","coordinates":[11.86113,47.60109]},"properties":{"id":26864552,"name":"Österreichischer Schinder","ele":1808,"country":"DE","wikidata":"Q165212","wikipedia":"de:Schinder (Berg)"}},
    {"type":"Feature","id":2076297323,"geometry":{"type":"Point","coordinates":[11.40384,47.51195]},"properties":{"id":2076297323,"name":"Galgenstangenkopf","ele":1807,"country":"DE","wikidata":"Q31546191"}},
    {"type":"Feature","id":1833493239,"geometry":{"type":"Point","coordinates":[11.64671,47.47352]},"properties":{"id":1833493239,"name":"Schleimsjoch","ele":1806,"country":"AT"}},
    {"type":"Feature","id":260815496,"geometry":{"type":"Point","coordinates":[11.94726,47.6481]},"properties":{"id":260815496,"name":"Ruchenköpfe","ele":1805,"country":"DE","wikidata":"Q317794"}},
    {"type":"Feature","id":1978075758,"geometry":{"type":"Point","coordinates":[11.22657,47.55728]},"properties":{"id":1978075758,"name":"Platteneck","ele":1804,"country":"DE","wikidata":"Q2098724"}},
    {"type":"Feature","id":793827024,"geometry":{"type":"Point","coordinates":[12.06747,47.34102]},"properties":{"id":793827024,"name":"Hengstkogel","ele":1803,"country":"AT"}},
    {"type":"Feature","id":515678322,"geometry":{"type":"Point","coordinates":[11.36476,47.47446]},"properties":{"id":515678322,"name":"Hirzeneck","ele":1803,"country":"DE"}},
    {"type":"Feature","id":2857666107,"geometry":{"type":"Point","coordinates":[12.26712,47.38779]},"properties":{"id":2857666107,"name":"Schledererkopf","ele":1802,"country":"AT","wikidata":"Q21878049"}},
    {"type":"Feature","id":345807520,"geometry":{"type":"Point","coordinates":[11.77605,47.59064]},"properties":{"id":345807520,"name":"Karspitz","ele":1801,"country":"AT"}},
    {"type":"Feature","id":26862546,"geometry":{"type":"Point","coordinates":[11.46554,47.65317]},"properties":{"id":26862546,"name":"Benediktenwand","ele":1800,"country":"DE","wikidata":"Q456783","wikipedia":"de:Benediktenwand"}},
    {"type":"Feature","id":1831217333,"geometry":{"type":"Point","coordinates":[11.85159,47.60283]},"properties":{"id":1831217333,"name":"Bayerischer Schinder","ele":1796,"country":"DE","wikidata":"Q112157029"}},
    {"type":"Feature","id":2353483924,"geometry":{"type":"Point","coordinates":[11.46469,47.329]},"properties":{"id":2353483924,"name":"Wasserberg","ele":1796,"country":"AT"}},
    {"type":"Feature","id":1085532056,"geometry":{"type":"Point","coordinates":[11.27752,47.42609]},"properties":{"id":1085532056,"name":"Lindenkopf","ele":1795,"country":"DE"}},
    {"type":"Feature","id":26863128,"geometry":{"type":"Point","coordinates":[11.28066,47.61258]},"properties":{"id":26863128,"name":"Heimgarten","ele":1791,"country":"DE","wikidata":"Q315930","wikipedia":"de:Heimgarten (Berg)"}},
    {"type":"Feature","id":1472965815,"geometry":{"type":"Point","coordinates":[11.96601,47.57364]},"properties":{"id":1472965815,"name":"Frechjoch","ele":1788,"country":"AT","wikidata":"Q125173570","wikipedia":"de:Frechjoch"}},
    {"type":"Feature","id":268972719,"geometry":{"type":"Point","coordinates":[11.7673,47.59016]},"properties":{"id":268972719,"name":"Blaubergkopf","ele":1787,"country":"DE","wikidata":"Q21876511","wikipedia":"de:Blaubergkopf"}},
    {"type":"Feature","id":268973925,"geometry":{"type":"Point","coordinates":[11.75326,47.58912]},"properties":{"id":268973925,"name":"Blaubergschneid","ele":1787,"country":"AT"}},
    {"type":"Feature","id":1472973149,"geometry":{"type":"Point","coordinates":[11.97351,47.57411]},"properties":{"id":1472973149,"name":"Veitsberg","ele":1787,"country":"AT","wikidata":"Q2512148","wikipedia":"de:Veitsberg (Bayerische Voralpen)"}},
    {"type":"Feature","id":26863368,"geometry":{"type":"Point","coordinates":[11.94917,47.51556]},"properties":{"id":26863368,"name":"Kienberg","ele":1786,"country":"AT","prominence":883,"wikidata":"Q21868380"}},
    {"type":"Feature","id":1608795537,"geometry":{"type":"Point","coordinates":[11.35595,47.52199]},"properties":{"id":1608795537,"name":"Hoher Grasberg","ele":1783,"country":"DE","wikidata":"Q15115075"}},
    {"type":"Feature","id":715725572,"geometry":{"type":"Point","coordinates":[11.00798,47.51833]},"properties":{"id":715725572,"name":"Krottenköpfel","ele":1780,"country":"DE","wikidata":"Q31533075"}},
    {"type":"Feature","id":304353179,"geometry":{"type":"Point","coordinates":[11.14303,47.50871]},"properties":{"id":304353179,"name":"Wank","ele":1780,"country":"DE","wikidata":"Q833896"}},
    {"type":"Feature","id":1523528238,"geometry":{"type":"Point","coordinates":[11.60486,47.47922]},"properties":{"id":1523528238,"name":"Der Kotzen","ele":1779,"country":"AT","wikidata":"Q99546999","wikipedia":"de:Kotzen (Eben am Achensee)"}},
    {"type":"Feature","id":4203100371,"geometry":{"type":"Point","coordinates":[11.62332,47.51332]},"properties":{"id":4203100371,"name":"Marlkopf","ele":1776,"country":"AT","wikidata":"Q21876552"}},
    {"type":"Feature","id":1472965814,"geometry":{"type":"Point","coordinates":[11.95761,47.57536]},"properties":{"id":1472965814,"name":"Thalerjoch","ele":1775,"country":"AT"}},
    {"type":"Feature","id":1669212605,"geometry":{"type":"Point","coordinates":[12.28337,47.37814]},"properties":{"id":1669212605,"name":"Duracher Kogel","ele":1773,"country":"AT"}},
    {"type":"Feature","id":2857666109,"geometry":{"type":"Point","coordinates":[12.27669,47.36501]},"properties":{"id":2857666109,"name":"Schößpalfen","ele":1772,"country":"AT"}},
    {"type":"Feature","id":493469304,"geometry":{"type":"Point","coordinates":[11.51925,47.52952]},"properties":{"id":493469304,"name":"Kotzen","ele":1771,"country":"DE","wikidata":"Q873382"}},
    {"type":"Feature","id":1431141901,"geometry":{"type":"Point","coordinates":[11.57983,47.48283]},"properties":{"id":1431141901,"name":"Kuppel","ele":1771,"country":"AT","wikidata":"Q21868778"}},
    {"type":"Feature","id":1417330404,"geometry":{"type":"Point","coordinates":[11.42727,47.47739]},"properties":{"id":1417330404,"name":"Ronberg","ele":1771,"country":"AT","wikidata":"Q113487315","wikipedia":"de:Ronberg (Karwendel)"}},
    {"type":"Feature","id":2859670804,"geometry":{"type":"Point","coordinates":[12.28721,47.42689]},"properties":{"id":2859670804,"name":"Gaisberg","ele":1770,"country":"AT","wikidata":"Q1491339","wikipedia":"de:Gaisberg (Kitzbüheler Alpen)"}},
    {"type":"Feature","id":527365606,"geometry":{"type":"Point","coordinates":[11.41743,47.47432]},"properties":{"id":527365606,"name":"Hochalplkopf","ele":1770,"country":"AT","wikidata":"Q29642195","wikipedia":"de:Hochalplkopf"}},
    {"type":"Feature","id":2515244986,"geometry":{"type":"Point","coordinates":[11.77142,47.42255]},"properties":{"id":2515244986,"name":"Kirchenspitz","ele":1770,"country":"AT"}},
    {"type":"Feature","id":2857652707,"geometry":{"type":"Point","coordinates":[12.24852,47.41036]},"properties":{"id":2857652707,"name":"Laubkogel","ele":1769,"country":"AT"}},
    {"type":"Feature","id":566205392,"geometry":{"type":"Point","coordinates":[11.22858,47.54651]},"properties":{"id":566205392,"name":"Wallgauer Eck","ele":1769,"country":"DE","wikidata":"Q31515905"}},
    {"type":"Feature","id":659580744,"geometry":{"type":"Point","coordinates":[11.18616,47.38754]},"properties":{"id":659580744,"name":"Zwirchkopf","ele":1769,"country":"AT"}},
    {"type":"Feature","id":260686440,"geometry":{"type":"Point","coordinates":[11.80278,47.64019]},"properties":{"id":260686440,"name":"Blankenstein","ele":1768,"country":"DE","wikidata":"Q316937","wikipedia":"de:Plankenstein (Berg)"}},
    {"type":"Feature","id":1623822474,"geometry":{"type":"Point","coordinates":[11.2584,47.32963]},"properties":{"id":1623822474,"name":"Sunntigköpfl","ele":1765,"country":"AT","wikidata":"Q21878154"}},
    {"type":"Feature","id":294649757,"geometry":{"type":"Point","coordinates":[11.74964,47.58842]},"properties":{"id":294649757,"name":"Wichtlplatte","ele":1765,"country":"DE"}},
    {"type":"Feature","id":260826436,"geometry":{"type":"Point","coordinates":[11.9237,47.67317]},"properties":{"id":260826436,"name":"Aiplspitz","ele":1759,"country":"DE","wikidata":"Q316319","wikipedia":"de:Aiplspitz"}},
    {"type":"Feature","id":1431131372,"geometry":{"type":"Point","coordinates":[11.47529,47.51546]},"properties":{"id":1431131372,"name":"Kälbereck","ele":1757,"country":"DE"}},
    {"type":"Feature","id":401861393,"geometry":{"type":"Point","coordinates":[12.02136,47.70501]},"properties":{"id":401861393,"name":"Soinwand","ele":1756,"country":"DE","wikidata":"Q2297964"}},
    {"type":"Feature","id":415842732,"geometry":{"type":"Point","coordinates":[11.47156,47.53691]},"properties":{"id":415842732,"name":"Grasköpfl","ele":1753,"country":"DE","wikidata":"Q20999869"}},
    {"type":"Feature","id":4202440718,"geometry":{"type":"Point","coordinates":[11.13918,47.51198]},"properties":{"id":4202440718,"name":"Eckenberg","ele":1749,"country":"DE"}},
    {"type":"Feature","id":4416860754,"geometry":{"type":"Point","coordinates":[12.28339,47.41919]},"properties":{"id":4416860754,"name":"Gaisbergjoch","ele":1749,"country":"AT"}},
    {"type":"Feature","id":1315894330,"geometry":{"type":"Point","coordinates":[12.22754,47.55613]},"properties":{"id":1315894330,"name":"Grübler Kaiser","ele":1749,"country":"AT"}},
    {"type":"Feature","id":13162148956,"geometry":{"type":"Point","coordinates":[11.63251,47.46614]},"properties":{"id":13162148956,"name":"Kelberg","ele":1749,"country":"AT"}},
    {"type":"Feature","id":7716376478,"geometry":{"type":"Point","coordinates":[11.28175,47.3475]},"properties":{"id":7716376478,"name":"Sunntigköpfl","ele":1749,"country":"AT"}},
    {"type":"Feature","id":524415115,"geometry":{"type":"Point","coordinates":[11.26907,47.36426]},"properties":{"id":524415115,"name":"Zäunlkopf","ele":1749,"country":"AT"}},
    {"type":"Feature","id":715785901,"geometry":{"type":"Point","coordinates":[11.00294,47.55272]},"properties":{"id":715785901,"name":"Dreierköpfel","ele":1748,"country":"DE","wikidata":"Q31549231"}},
    {"type":"Feature","id":2363198587,"geometry":{"type":"Point","coordinates":[11.66106,47.50334]},"properties":{"id":2363198587,"name":"Christlumkopf","ele":1747,"country":"AT","wikidata":"Q21876548"}},
    {"type":"Feature","id":448824397,"geometry":{"type":"Point","coordinates":[12.05469,47.64571]},"properties":{"id":448824397,"name":"Steilnerjoch","ele":1747,"country":"DE","wikidata":"Q31519343"}},
    {"type":"Feature","id":264044528,"geometry":{"type":"Point","coordinates":[11.97558,47.60552]},"properties":{"id":264044528,"name":"Wildenkarjoch","ele":1747,"country":"AT"}},
    {"type":"Feature","id":266340471,"geometry":{"type":"Point","coordinates":[11.95602,47.512]},"properties":{"id":266340471,"name":"Heuberg","ele":1746,"country":"AT","wikidata":"Q21877925"}},
    {"type":"Feature","id":260826433,"geometry":{"type":"Point","coordinates":[11.90605,47.67351]},"properties":{"id":260826433,"name":"Jägerkamp","ele":1746,"country":"DE","wikidata":"Q1714867","wikipedia":"de:Jägerkamp"}},
    {"type":"Feature","id":524429129,"geometry":{"type":"Point","coordinates":[11.31473,47.27738]},"properties":{"id":524429129,"name":"Hechenberg","ele":1745,"country":"AT"}},
    {"type":"Feature","id":256041995,"geometry":{"type":"Point","coordinates":[12.2464,47.60898]},"properties":{"id":256041995,"name":"Petersköpfl","ele":1745,"country":"AT","wikidata":"Q784154","wikipedia":"de:Petersköpfl"}},
    {"type":"Feature","id":2967964943,"geometry":{"type":"Point","coordinates":[12.2622,47.60534]},"properties":{"id":2967964943,"name":"Steingrubenschneid","ele":1744,"country":"AT"}},
    {"type":"Feature","id":1531632198,"geometry":{"type":"Point","coordinates":[11.96041,47.51388]},"properties":{"id":1531632198,"name":"Plessenberg","ele":1743,"country":"AT"}},
    {"type":"Feature","id":715720555,"geometry":{"type":"Point","coordinates":[11.1451,47.51167]},"properties":{"id":715720555,"name":"Ameisberg","ele":1741,"country":"DE"}},
    {"type":"Feature","id":5207071343,"geometry":{"type":"Point","coordinates":[11.79858,47.36256]},"properties":{"id":5207071343,"name":"Durrajoch","ele":1738,"country":"AT"}},
    {"type":"Feature","id":759624456,"geometry":{"type":"Point","coordinates":[11.49846,47.31954]},"properties":{"id":759624456,"name":"Hochmahdkopf","ele":1738,"country":"AT","wikidata":"Q21878178"}},
    {"type":"Feature","id":415842731,"geometry":{"type":"Point","coordinates":[11.46932,47.53817]},"properties":{"id":415842731,"name":"Stuhlbachjoch","ele":1737,"country":"DE"}},
    {"type":"Feature","id":1567946359,"geometry":{"type":"Point","coordinates":[11.91234,47.67317]},"properties":{"id":1567946359,"name":"Benzingspitz","ele":1735,"country":"DE","wikidata":"Q31558555"}},
    {"type":"Feature","id":277715988,"geometry":{"type":"Point","coordinates":[11.05309,47.5382]},"properties":{"id":277715988,"name":"Brünstelkreuz","ele":1734,"country":"DE"}},
    {"type":"Feature","id":2730700903,"geometry":{"type":"Point","coordinates":[12.07195,47.22753]},"properties":{"id":2730700903,"name":"Filzegg","ele":1734,"country":"AT"}},
    {"type":"Feature","id":3233329686,"geometry":{"type":"Point","coordinates":[11.94207,47.64684]},"properties":{"id":3233329686,"name":"Sebaldstein","ele":1733,"country":"DE"}},
    {"type":"Feature","id":71530342,"geometry":{"type":"Point","coordinates":[11.30849,47.61346]},"properties":{"id":71530342,"name":"Herzogstand","ele":1731,"country":"DE","wikidata":"Q315270","wikipedia":"de:Herzogstand"}},
    {"type":"Feature","id":7603322330,"geometry":{"type":"Point","coordinates":[11.47318,47.32839]},"properties":{"id":7603322330,"name":"Kartellerjöchl","ele":1731,"country":"AT"}},
    {"type":"Feature","id":343456677,"geometry":{"type":"Point","coordinates":[12.07044,47.42566]},"properties":{"id":343456677,"name":"Rosskopf","ele":1731,"country":"AT","wikidata":"Q15273581","wikipedia":"en:Roßkopf (Kitzbühel Alps)"}},
    {"type":"Feature","id":2255069189,"geometry":{"type":"Point","coordinates":[11.98443,47.40373]},"properties":{"id":2255069189,"name":"Latschenk","ele":1729,"country":"AT"}},
    {"type":"Feature","id":1418283295,"geometry":{"type":"Point","coordinates":[11.36435,47.52485]},"properties":{"id":1418283295,"name":"Untergrasberg","ele":1727,"country":"DE"}},
    {"type":"Feature","id":309316120,"geometry":{"type":"Point","coordinates":[12.02317,47.69906]},"properties":{"id":309316120,"name":"Lacherspitz","ele":1724,"country":"DE","wikidata":"Q31532672"}},
    {"type":"Feature","id":264037689,"geometry":{"type":"Point","coordinates":[12.03585,47.6549]},"properties":{"id":264037689,"name":"Kleiner Traithen","ele":1722,"country":"DE","wikidata":"Q31534231"}},
    {"type":"Feature","id":260686432,"geometry":{"type":"Point","coordinates":[11.79675,47.66588]},"properties":{"id":260686432,"name":"Wallberg","ele":1722,"country":"DE","wikidata":"Q321002","wikipedia":"de:Wallberg"}},
    {"type":"Feature","id":9898131852,"geometry":{"type":"Point","coordinates":[12.02111,47.70184]},"properties":{"id":9898131852,"name":"Kesselwand","ele":1721,"country":"DE","wikidata":"Q15056989"}},
    {"type":"Feature","id":260978152,"geometry":{"type":"Point","coordinates":[12.03543,47.70132]},"properties":{"id":260978152,"name":"Wildalpjoch","ele":1720,"country":"DE","wikidata":"Q1293138"}},
    {"type":"Feature","id":7567221601,"geometry":{"type":"Point","coordinates":[11.25644,47.29481]},"properties":{"id":7567221601,"name":"Brunstkopf","ele":1719,"country":"AT"}},
    {"type":"Feature","id":6581492738,"geometry":{"type":"Point","coordinates":[11.08032,47.4525]},"properties":{"id":6581492738,"name":"Kreuzjoch","ele":1719,"country":"DE","wikidata":"Q6436892"}},
    {"type":"Feature","id":3068662784,"geometry":{"type":"Point","coordinates":[11.07144,47.55584]},"properties":{"id":3068662784,"name":"Ziegelspitz","ele":1719,"country":"DE","wikidata":"Q31556628"}},
    {"type":"Feature","id":13345654968,"geometry":{"type":"Point","coordinates":[11.80309,47.34239]},"properties":{"id":13345654968,"name":"Arzjoch","ele":1717,"country":"AT"}},
    {"type":"Feature","id":9670802145,"geometry":{"type":"Point","coordinates":[11.28319,47.43187]},"properties":{"id":9670802145,"name":"Gamseck","ele":1717,"country":"DE"}},
    {"type":"Feature","id":1913686953,"geometry":{"type":"Point","coordinates":[11.93331,47.61272]},"properties":{"id":1913686953,"name":"Kreuzberg","ele":1716,"country":"AT","wikidata":"Q1782716","wikipedia":"de:Kreuzberg (Bayerische Voralpen)"}},
    {"type":"Feature","id":5475848193,"geometry":{"type":"Point","coordinates":[11.99128,47.60234]},"properties":{"id":5475848193,"name":"Schönfeldjoch","ele":1716,"country":"AT"}},
    {"type":"Feature","id":333874071,"geometry":{"type":"Point","coordinates":[11.78969,47.352]},"properties":{"id":333874071,"name":"Gerstkopf","ele":1714,"country":"AT"}},
    {"type":"Feature","id":747335176,"geometry":{"type":"Point","coordinates":[12.26709,47.5571]},"properties":{"id":747335176,"name":"Sonnenstein","ele":1714,"country":"AT"}},
    {"type":"Feature","id":269134696,"geometry":{"type":"Point","coordinates":[11.49903,47.65659]},"properties":{"id":269134696,"name":"Latschenkopf","ele":1712,"country":"DE","wikidata":"Q1399069","wikipedia":"de:Latschenkopf (Benediktenwand)"}},
    {"type":"Feature","id":1411465448,"geometry":{"type":"Point","coordinates":[11.48628,47.6531]},"properties":{"id":1411465448,"name":"Achselköpfe","ele":1710,"country":"DE","wikidata":"Q15050743","wikipedia":"de:Achselköpfe"}},
    {"type":"Feature","id":264035398,"geometry":{"type":"Point","coordinates":[12.05435,47.61527]},"properties":{"id":264035398,"name":"Trainsjoch","ele":1707,"country":"DE","wikidata":"Q15132489","wikipedia":"de:Trainsjoch"}},
    {"type":"Feature","id":1280479990,"geometry":{"type":"Point","coordinates":[11.49351,47.52079]},"properties":{"id":1280479990,"name":"Unteres Lichteck","ele":1707,"country":"DE","wikidata":"Q31516644"}},
    {"type":"Feature","id":260692620,"geometry":{"type":"Point","coordinates":[11.78461,47.65122]},"properties":{"id":260692620,"name":"Setzberg","ele":1706,"country":"DE","wikidata":"Q15059993"}},
    {"type":"Feature","id":527354047,"geometry":{"type":"Point","coordinates":[11.35085,47.46193]},"properties":{"id":527354047,"name":"Kammleitenkopf","ele":1704,"country":"DE"}},
    {"type":"Feature","id":3230066909,"geometry":{"type":"Point","coordinates":[11.79829,47.64253]},"properties":{"id":3230066909,"name":"Rauhenberg","ele":1703,"country":"DE","wikidata":"Q106820537"}},
    {"type":"Feature","id":1976803003,"geometry":{"type":"Point","coordinates":[11.92056,47.67188]},"properties":{"id":1976803003,"name":"Tanzeck","ele":1703,"country":"DE"}},
    {"type":"Feature","id":1476459166,"geometry":{"type":"Point","coordinates":[11.82926,47.48336]},"properties":{"id":1476459166,"name":"Kreuzeinjoch","ele":1702,"country":"AT"}},
    {"type":"Feature","id":26862641,"geometry":{"type":"Point","coordinates":[11.67937,47.63307]},"properties":{"id":26862641,"name":"Buchstein","ele":1701,"country":"DE","wikidata":"Q31557989"}},
    {"type":"Feature","id":5207070135,"geometry":{"type":"Point","coordinates":[11.80304,47.36643]},"properties":{"id":5207070135,"name":"Reiterkopf","ele":1700,"country":"AT","wikidata":"Q21865099"}},
    {"type":"Feature","id":301642754,"geometry":{"type":"Point","coordinates":[11.6763,47.63261]},"properties":{"id":301642754,"name":"Roßstein","ele":1698,"country":"DE","wikidata":"Q31524990"}},
    {"type":"Feature","id":2990691860,"geometry":{"type":"Point","coordinates":[11.79903,47.64119]},"properties":{"id":2990691860,"name":"Röthenstein","ele":1695,"country":"DE","wikidata":"Q106820538"}},
    {"type":"Feature","id":429259298,"geometry":{"type":"Point","coordinates":[11.14853,47.52387]},"properties":{"id":429259298,"name":"Ochsenberg","ele":1694,"country":"DE","wikidata":"Q31529062"}},
    {"type":"Feature","id":266993268,"geometry":{"type":"Point","coordinates":[11.92111,47.65848]},"properties":{"id":266993268,"name":"Taubenstein","ele":1693,"country":"DE","wikidata":"Q15060298","wikipedia":"de:Taubenstein"}},
    {"type":"Feature","id":1609845007,"geometry":{"type":"Point","coordinates":[11.20856,47.37958]},"properties":{"id":1609845007,"name":"Hochfluder","ele":1691,"country":"AT"}},
    {"type":"Feature","id":263534391,"geometry":{"type":"Point","coordinates":[11.92098,47.66363]},"properties":{"id":263534391,"name":"Raukopf","ele":1691,"country":"DE","wikidata":"Q19721169"}},
    {"type":"Feature","id":13368788474,"geometry":{"type":"Point","coordinates":[11.74345,47.48797]},"properties":{"id":13368788474,"name":"s'Kuppal","ele":1691,"country":"AT"}},
    {"type":"Feature","id":3135778328,"geometry":{"type":"Point","coordinates":[11.35284,47.5166]},"properties":{"id":3135778328,"name":"Fischbachkopf","ele":1690,"country":"DE"}},
    {"type":"Feature","id":408910541,"geometry":{"type":"Point","coordinates":[12.03927,47.70104]},"properties":{"id":408910541,"name":"Kaserwand","ele":1690,"country":"DE","wikidata":"Q1734938"}},
    {"type":"Feature","id":1979711395,"geometry":{"type":"Point","coordinates":[11.84634,47.5384]},"properties":{"id":1979711395,"name":"Rauhegg","ele":1690,"country":"AT"}},
    {"type":"Feature","id":616682074,"geometry":{"type":"Point","coordinates":[11.56237,47.51452]},"properties":{"id":616682074,"name":"Lerchkogel","ele":1688,"country":"DE","wikidata":"Q15057413","wikipedia":"de:Lerchkogel"}},
    {"type":"Feature","id":1504208959,"geometry":{"type":"Point","coordinates":[11.96668,47.64365]},"properties":{"id":1504208959,"name":"Maroldschneid","ele":1688,"country":"DE"}},
    {"type":"Feature","id":714142244,"geometry":{"type":"Point","coordinates":[11.15552,47.50378]},"properties":{"id":714142244,"name":"Roßwank","ele":1688,"country":"DE"}},
    {"type":"Feature","id":6574451263,"geometry":{"type":"Point","coordinates":[11.75916,47.51546]},"properties":{"id":6574451263,"name":"Schlagkopf","ele":1688,"country":"AT","wikidata":"Q21876545"}},
    {"type":"Feature","id":339225056,"geometry":{"type":"Point","coordinates":[11.8542,47.60832]},"properties":{"id":339225056,"name":"Rothkogel","ele":1687,"country":"DE","wikidata":"Q31804519"}},
    {"type":"Feature","id":1280479976,"geometry":{"type":"Point","coordinates":[11.56383,47.55015]},"properties":{"id":1280479976,"name":"Dürrnberg","ele":1686,"country":"DE"}},
    {"type":"Feature","id":5997401874,"geometry":{"type":"Point","coordinates":[11.10044,47.58498]},"properties":{"id":5997401874,"name":"Laber Hauptgipfel","ele":1686,"country":"DE"}},
    {"type":"Feature","id":299099980,"geometry":{"type":"Point","coordinates":[11.6435,47.55401]},"properties":{"id":299099980,"name":"Schulterberg","ele":1686,"country":"AT","wikidata":"Q21876488"}},
    {"type":"Feature","id":292352453,"geometry":{"type":"Point","coordinates":[11.87105,47.67644]},"properties":{"id":292352453,"name":"Brecherspitz","ele":1685,"country":"DE","wikidata":"Q904144"}},
    {"type":"Feature","id":714142219,"geometry":{"type":"Point","coordinates":[11.18347,47.5109]},"properties":{"id":714142219,"name":"Rotenkopf","ele":1685,"country":"DE","wikidata":"Q31524906"}},
    {"type":"Feature","id":2857648402,"geometry":{"type":"Point","coordinates":[11.90426,47.20229]},"properties":{"id":2857648402,"name":"Gerloskogerl","ele":1682,"country":"AT","wikidata":"Q21871002"}},
    {"type":"Feature","id":452941377,"geometry":{"type":"Point","coordinates":[11.10217,47.58584]},"properties":{"id":452941377,"name":"Laber","ele":1682,"country":"DE","wikidata":"Q1799411"}},
    {"type":"Feature","id":260744946,"geometry":{"type":"Point","coordinates":[11.15653,47.53873]},"properties":{"id":260744946,"name":"Niederer Fricken","ele":1682,"country":"DE","wikidata":"Q31529524"}},
    {"type":"Feature","id":3790880024,"geometry":{"type":"Point","coordinates":[11.21007,47.37944]},"properties":{"id":3790880024,"name":"Zunteregg","ele":1682,"country":"AT"}},
    {"type":"Feature","id":317996134,"geometry":{"type":"Point","coordinates":[12.24893,47.4773]},"properties":{"id":317996134,"name":"Holzalmjoch","ele":1680,"country":"AT"}},
    {"type":"Feature","id":5928695278,"geometry":{"type":"Point","coordinates":[11.33666,47.32892]},"properties":{"id":5928695278,"name":"Pürzlkopf","ele":1678,"country":"AT"}},
    {"type":"Feature","id":270581309,"geometry":{"type":"Point","coordinates":[11.30824,47.60898]},"properties":{"id":270581309,"name":"Martinskopf","ele":1676,"country":"DE","wikidata":"Q31531054"}},
    {"type":"Feature","id":3233329668,"geometry":{"type":"Point","coordinates":[11.81163,47.63789]},"properties":{"id":3233329668,"name":"Seebühel","ele":1675,"country":"DE"}},
    {"type":"Feature","id":317995996,"geometry":{"type":"Point","coordinates":[12.25337,47.48171]},"properties":{"id":317995996,"name":"Eiberg","ele":1673,"country":"AT"}},
    {"type":"Feature","id":1985654859,"geometry":{"type":"Point","coordinates":[11.97304,47.53271]},"properties":{"id":1985654859,"name":"Kühberg","ele":1672,"country":"AT"}},
    {"type":"Feature","id":299100096,"geometry":{"type":"Point","coordinates":[11.62341,47.5569]},"properties":{"id":299100096,"name":"Pitzkopf","ele":1671,"country":"AT","wikidata":"Q21876489"}},
    {"type":"Feature","id":96874625,"geometry":{"type":"Point","coordinates":[11.69611,47.66076]},"properties":{"id":96874625,"name":"Hirschberg","ele":1670,"country":"DE","wikidata":"Q1620367","wikipedia":"de:Hirschberg (Kreuth)"}},
    {"type":"Feature","id":449238477,"geometry":{"type":"Point","coordinates":[11.50154,47.65973]},"properties":{"id":449238477,"name":"Vorderer Kirchstein","ele":1670,"country":"DE","wikidata":"Q31516270"}},
    {"type":"Feature","id":1129365627,"geometry":{"type":"Point","coordinates":[11.8381,47.67175]},"properties":{"id":1129365627,"name":"Bodenschneid","ele":1669,"country":"DE","wikidata":"Q889652","wikipedia":"de:Bodenschneid"}},
    {"type":"Feature","id":525945857,"geometry":{"type":"Point","coordinates":[11.31664,47.40042]},"properties":{"id":525945857,"name":"Stachlkopf","ele":1668,"country":"AT"}},
    {"type":"Feature","id":2859709205,"geometry":{"type":"Point","coordinates":[12.24133,47.47698]},"properties":{"id":2859709205,"name":"Zinsberg","ele":1668,"country":"AT","wikidata":"Q21864170"}},
    {"type":"Feature","id":2336295579,"geometry":{"type":"Point","coordinates":[11.49368,47.65767]},"properties":{"id":2336295579,"name":"Hinterer Kirchstein","ele":1667,"country":"DE","wikidata":"Q31540718"}},
    {"type":"Feature","id":3230066901,"geometry":{"type":"Point","coordinates":[11.9463,47.63696]},"properties":{"id":3230066901,"name":"Auerberg","ele":1666,"country":"DE","wikidata":"Q31553232"}},
    {"type":"Feature","id":8284890973,"geometry":{"type":"Point","coordinates":[11.93286,47.67259]},"properties":{"id":8284890973,"name":"Kleinmiesing","ele":1666,"country":"DE"}},
    {"type":"Feature","id":8260264192,"geometry":{"type":"Point","coordinates":[11.75537,47.34558]},"properties":{"id":8260264192,"name":"Mehrerkopf","ele":1666,"country":"AT"}},
    {"type":"Feature","id":13368788473,"geometry":{"type":"Point","coordinates":[11.74317,47.48292]},"properties":{"id":13368788473,"name":"Ochsenkopf","ele":1666,"country":"AT"}},
    {"type":"Feature","id":1469811232,"geometry":{"type":"Point","coordinates":[11.78507,47.63875]},"properties":{"id":1469811232,"name":"Grubereck","ele":1664,"country":"DE","wikidata":"Q31543432"}},
    {"type":"Feature","id":527826335,"geometry":{"type":"Point","coordinates":[11.64157,47.4457]},"properties":{"id":527826335,"name":"Gütenbergkopf","ele":1664,"country":"AT"}},
    {"type":"Feature","id":429230836,"geometry":{"type":"Point","coordinates":[12.02986,47.70132]},"properties":{"id":429230836,"name":"Seewandköpfl","ele":1664,"country":"DE","wikidata":"Q31567202"}},
    {"type":"Feature","id":1161784023,"geometry":{"type":"Point","coordinates":[11.17483,47.51168]},"properties":{"id":1161784023,"name":"Vorderer Riedberg","ele":1662,"country":"DE"}},
    {"type":"Feature","id":524415123,"geometry":{"type":"Point","coordinates":[11.28485,47.3617]},"properties":{"id":524415123,"name":"Zunterkopf","ele":1661,"country":"AT"}},
    {"type":"Feature","id":267792056,"geometry":{"type":"Point","coordinates":[11.24147,47.6011]},"properties":{"id":267792056,"name":"Hirschberg","ele":1660,"country":"DE","wikidata":"Q1620373","wikipedia":"de:Hirschberg (Ohlstadt)"}},
    {"type":"Feature","id":8625391845,"geometry":{"type":"Point","coordinates":[11.61976,47.50688]},"properties":{"id":8625391845,"name":"Rether Horn","ele":1656,"country":"AT","wikidata":"Q21876553"}},
    {"type":"Feature","id":715725562,"geometry":{"type":"Point","coordinates":[11.00897,47.49748]},"properties":{"id":715725562,"name":"Zunderköpfel","ele":1656,"country":"DE"}},
    {"type":"Feature","id":651958799,"geometry":{"type":"Point","coordinates":[11.21348,47.57174]},"properties":{"id":651958799,"name":"Zwölferköpfl","ele":1656,"country":"DE","wikidata":"Q22030340"}},
    {"type":"Feature","id":332441941,"geometry":{"type":"Point","coordinates":[11.70327,47.65953]},"properties":{"id":332441941,"name":"Hirschberg Vorgipfel","ele":1653,"country":"DE","wikidata":"Q1620367","wikipedia":"de:Hirschberg (Kreuth)"}},
    {"type":"Feature","id":1149024626,"geometry":{"type":"Point","coordinates":[11.3422,47.34651]},"properties":{"id":1149024626,"name":"Unterer Sagkopf","ele":1652,"country":"AT"}},
    {"type":"Feature","id":429230838,"geometry":{"type":"Point","coordinates":[12.02505,47.69717]},"properties":{"id":429230838,"name":"Bärenstein","ele":1651,"country":"DE"}},
    {"type":"Feature","id":4547463685,"geometry":{"type":"Point","coordinates":[11.06665,47.45242]},"properties":{"id":4547463685,"name":"Kreuzeck","ele":1651,"country":"DE","wikidata":"Q268125","wikipedia":"de:Kreuzeck (Wettersteingebirge)"}},
    {"type":"Feature","id":334241579,"geometry":{"type":"Point","coordinates":[12.24541,47.49208]},"properties":{"id":334241579,"name":"Brandstadl","ele":1650,"country":"AT"}},
    {"type":"Feature","id":5928695277,"geometry":{"type":"Point","coordinates":[11.29663,47.35304]},"properties":{"id":5928695277,"name":"Gauggenkopf","ele":1650,"country":"AT"}},
    {"type":"Feature","id":524415125,"geometry":{"type":"Point","coordinates":[11.28899,47.36357]},"properties":{"id":524415125,"name":"Hochwaldkopf","ele":1648,"country":"AT","wikidata":"Q21871892"}},
    {"type":"Feature","id":551648141,"geometry":{"type":"Point","coordinates":[12.06922,47.40672]},"properties":{"id":551648141,"name":"Turmkogel","ele":1648,"country":"AT"}},
    {"type":"Feature","id":1254353419,"geometry":{"type":"Point","coordinates":[11.50864,47.66062]},"properties":{"id":1254353419,"name":"Stangeneck","ele":1646,"country":"DE","wikidata":"Q31558358"}},
    {"type":"Feature","id":2864978599,"geometry":{"type":"Point","coordinates":[12.0565,47.54787]},"properties":{"id":2864978599,"name":"Köglhörndl","ele":1644,"country":"AT","wikidata":"Q21877914"}},
    {"type":"Feature","id":2641015239,"geometry":{"type":"Point","coordinates":[11.86456,47.67516]},"properties":{"id":2641015239,"name":"Brecherspitz Vorgipfel","ele":1643,"country":"DE"}},
    {"type":"Feature","id":3668096245,"geometry":{"type":"Point","coordinates":[11.82357,47.53218]},"properties":{"id":3668096245,"name":"Rauher Kopf","ele":1642,"country":"AT"}},
    {"type":"Feature","id":454601148,"geometry":{"type":"Point","coordinates":[11.29955,47.61504]},"properties":{"id":454601148,"name":"Schlehdorfer Kreuz","ele":1640,"country":"DE"}},
    {"type":"Feature","id":758590448,"geometry":{"type":"Point","coordinates":[11.22359,47.30062]},"properties":{"id":758590448,"name":"Durschkopf","ele":1639,"country":"AT"}},
    {"type":"Feature","id":1431188386,"geometry":{"type":"Point","coordinates":[11.4794,47.54281]},"properties":{"id":1431188386,"name":"Pirschschneid","ele":1638,"country":"DE"}},
    {"type":"Feature","id":524415118,"geometry":{"type":"Point","coordinates":[11.26552,47.36994]},"properties":{"id":524415118,"name":"Großer Mittagskopf","ele":1636,"country":"AT"}},
    {"type":"Feature","id":13387196530,"geometry":{"type":"Point","coordinates":[11.75766,47.43674]},"properties":{"id":13387196530,"name":"Häuserer Kopf","ele":1636,"country":"AT"}},
    {"type":"Feature","id":446758934,"geometry":{"type":"Point","coordinates":[11.09757,47.58314]},"properties":{"id":446758934,"name":"Schartenkopf","ele":1636,"country":"DE"}},
    {"type":"Feature","id":525248748,"geometry":{"type":"Point","coordinates":[11.59605,47.33872]},"properties":{"id":525248748,"name":"Walder Joch","ele":1636,"country":"AT"}},
    {"type":"Feature","id":1913900676,"geometry":{"type":"Point","coordinates":[12.03789,47.54021]},"properties":{"id":1913900676,"name":"Hundsalmjoch","ele":1635,"country":"AT"}},
    {"type":"Feature","id":779073933,"geometry":{"type":"Point","coordinates":[11.99035,47.53285]},"properties":{"id":779073933,"name":"Zunterköpfl","ele":1635,"country":"AT"}},
    {"type":"Feature","id":1949513276,"geometry":{"type":"Point","coordinates":[12.09391,47.64839]},"properties":{"id":1949513276,"name":"Peterskopf","ele":1634,"country":"DE"}},
    {"type":"Feature","id":300692479,"geometry":{"type":"Point","coordinates":[11.11568,47.58468]},"properties":{"id":300692479,"name":"Ettaler Manndl","ele":1633,"country":"DE","wikidata":"Q1371732","wikipedia":"de:Ettaler Manndl"}},
    {"type":"Feature","id":266412097,"geometry":{"type":"Point","coordinates":[12.24269,47.60941]},"properties":{"id":266412097,"name":"Naunspitze","ele":1633,"country":"AT","wikidata":"Q875491","wikipedia":"de:Naunspitze"}},
    {"type":"Feature","id":1949513275,"geometry":{"type":"Point","coordinates":[12.09456,47.64827]},"properties":{"id":1949513275,"name":"Paulskopf","ele":1633,"country":"DE"}},
    {"type":"Feature","id":1472975043,"geometry":{"type":"Point","coordinates":[11.92716,47.57478]},"properties":{"id":1472975043,"name":"Schmalegger Joch","ele":1633,"country":"AT","wikidata":"Q1749261","wikipedia":"de:Schmaleggerjoch"}},
    {"type":"Feature","id":429230839,"geometry":{"type":"Point","coordinates":[12.02461,47.69583]},"properties":{"id":429230839,"name":"Tagweidkopf","ele":1633,"country":"DE","wikidata":"Q116426092"}},
    {"type":"Feature","id":1473049544,"geometry":{"type":"Point","coordinates":[11.88486,47.53757]},"properties":{"id":1473049544,"name":"Roßkopf","ele":1632,"country":"AT","wikidata":"Q21865222"}},
    {"type":"Feature","id":1698255671,"geometry":{"type":"Point","coordinates":[11.8107,47.58541]},"properties":{"id":1698255671,"name":"Schattlahnerkopf","ele":1629,"country":"AT","wikidata":"Q1328463","wikipedia":"de:Schattlahnerkopf"}},
    {"type":"Feature","id":9550470125,"geometry":{"type":"Point","coordinates":[11.31463,47.60671]},"properties":{"id":9550470125,"name":"Fahrenbergkopf","ele":1627,"country":"DE","wikidata":"Q31547634"}},
    {"type":"Feature","id":1986716390,"geometry":{"type":"Point","coordinates":[11.84085,47.47545]},"properties":{"id":1986716390,"name":"Hörndl","ele":1627,"country":"AT"}},
    {"type":"Feature","id":1566157975,"geometry":{"type":"Point","coordinates":[12.03576,47.7168]},"properties":{"id":1566157975,"name":"Hochsalwand","ele":1625,"country":"DE","wikidata":"Q1622038","wikipedia":"de:Hochsalwand"}},
    {"type":"Feature","id":3668094047,"geometry":{"type":"Point","coordinates":[11.80059,47.52926]},"properties":{"id":3668094047,"name":"Kitzsteingraben","ele":1625,"country":"AT"}},
    {"type":"Feature","id":303388142,"geometry":{"type":"Point","coordinates":[11.57405,47.56071]},"properties":{"id":303388142,"name":"Schürpfeneck","ele":1623,"country":"DE"}},
    {"type":"Feature","id":260979669,"geometry":{"type":"Point","coordinates":[11.98777,47.72109]},"properties":{"id":260979669,"name":"Breitenstein","ele":1622,"country":"DE","wikidata":"Q879983","wikipedia":"de:Breitenstein (Bayerische Voralpen)"}},
    {"type":"Feature","id":344347709,"geometry":{"type":"Point","coordinates":[11.01631,47.5842]},"properties":{"id":344347709,"name":"Sonnenberg","ele":1622,"country":"DE","wikidata":"Q86751135","wikipedia":"en:Sonnenspitze"}},
    {"type":"Feature","id":1109367911,"geometry":{"type":"Point","coordinates":[11.82332,47.63824]},"properties":{"id":1109367911,"name":"Lahnerkopf","ele":1621,"country":"DE","wikidata":"Q25393385"}},
    {"type":"Feature","id":4004732514,"geometry":{"type":"Point","coordinates":[12.07948,47.42962]},"properties":{"id":4004732514,"name":"Lanerköpfl","ele":1621,"country":"AT"}},
    {"type":"Feature","id":797461064,"geometry":{"type":"Point","coordinates":[11.06224,47.45346]},"properties":{"id":797461064,"name":"Rauhkopf","ele":1621,"country":"DE"}},
    {"type":"Feature","id":339225140,"geometry":{"type":"Point","coordinates":[11.85179,47.61432]},"properties":{"id":339225140,"name":"Pfaffenkopf","ele":1620,"country":"DE","wikidata":"Q53889521"}},
    {"type":"Feature","id":1836669376,"geometry":{"type":"Point","coordinates":[11.64217,47.63852]},"properties":{"id":1836669376,"name":"Schönberg","ele":1620,"country":"DE","wikidata":"Q1384094"}},
    {"type":"Feature","id":304317008,"geometry":{"type":"Point","coordinates":[12.09711,47.64734]},"properties":{"id":304317008,"name":"Brünnstein","ele":1619,"country":"DE","wikidata":"Q882165","wikipedia":"de:Brünnstein"}},
    {"type":"Feature","id":1475139236,"geometry":{"type":"Point","coordinates":[11.74944,47.57244]},"properties":{"id":1475139236,"name":"Natterwand","ele":1618,"country":"AT","wikidata":"Q1969830","wikipedia":"de:Natterwand"}},
    {"type":"Feature","id":1495173302,"geometry":{"type":"Point","coordinates":[11.71341,47.59143]},"properties":{"id":1495173302,"name":"Platteneck","ele":1618,"country":"DE","wikidata":"Q1515428"}},
    {"type":"Feature","id":773900419,"geometry":{"type":"Point","coordinates":[11.01052,47.44928]},"properties":{"id":773900419,"name":"Bärenheimatkopf","ele":1617,"country":"DE"}},
    {"type":"Feature","id":381007259,"geometry":{"type":"Point","coordinates":[11.23753,47.41794]},"properties":{"id":381007259,"name":"Schartenkopf","ele":1616,"country":"AT","wikidata":"Q21865428"}},
    {"type":"Feature","id":3662166614,"geometry":{"type":"Point","coordinates":[11.02678,47.58409]},"properties":{"id":3662166614,"name":"Am Zahn","ele":1615,"country":"DE","wikidata":"Q31557182"}},
    {"type":"Feature","id":1468921785,"geometry":{"type":"Point","coordinates":[11.90353,47.66798]},"properties":{"id":1468921785,"name":"Wilde Fräulein","ele":1615,"country":"DE","wikidata":"Q126947088","wikipedia":"de:Wilde Fräulein"}},
    {"type":"Feature","id":618771886,"geometry":{"type":"Point","coordinates":[11.4819,47.66208]},"properties":{"id":618771886,"name":"Hennenkopf","ele":1613,"country":"DE"}},
    {"type":"Feature","id":268974059,"geometry":{"type":"Point","coordinates":[11.72499,47.59481]},"properties":{"id":268974059,"name":"Schildenstein","ele":1613,"country":"DE","wikidata":"Q745196","wikipedia":"de:Schildenstein"}},
    {"type":"Feature","id":797643804,"geometry":{"type":"Point","coordinates":[11.83399,47.67453]},"properties":{"id":797643804,"name":"Rinnerspitz","ele":1611,"country":"DE","wikidata":"Q2154222","wikipedia":"de:Rinnerspitz"}},
    {"type":"Feature","id":714142241,"geometry":{"type":"Point","coordinates":[11.18327,47.51645]},"properties":{"id":714142241,"name":"Zunderkopf","ele":1611,"country":"DE","wikidata":"Q31513912"}},
    {"type":"Feature","id":3230066913,"geometry":{"type":"Point","coordinates":[11.8664,47.60502]},"properties":{"id":3230066913,"name":"Trausnitzeck","ele":1610,"country":"DE"}},
    {"type":"Feature","id":309985323,"geometry":{"type":"Point","coordinates":[11.87249,47.64268]},"properties":{"id":309985323,"name":"Stolzenberg","ele":1609,"country":"DE","wikidata":"Q13466177"}},
    {"type":"Feature","id":1395834562,"geometry":{"type":"Point","coordinates":[12.21885,47.55457]},"properties":{"id":1395834562,"name":"Zettenkaiserkopf","ele":1609,"country":"AT"}},
    {"type":"Feature","id":264055809,"geometry":{"type":"Point","coordinates":[11.65986,47.66118]},"properties":{"id":264055809,"name":"Auerkamp","ele":1607,"country":"DE","wikidata":"Q367455","wikipedia":"de:Kampen (Berg)"}},
    {"type":"Feature","id":9190455347,"geometry":{"type":"Point","coordinates":[11.81319,47.43845]},"properties":{"id":9190455347,"name":"Kammerkirchkopf","ele":1607,"country":"AT"}},
    {"type":"Feature","id":702260995,"geometry":{"type":"Point","coordinates":[11.11117,47.58378]},"properties":{"id":702260995,"name":"Manndlköpfe","ele":1605,"country":"DE","wikidata":"Q31557167"}},
    {"type":"Feature","id":264055810,"geometry":{"type":"Point","coordinates":[11.65458,47.65893]},"properties":{"id":264055810,"name":"Spitzkamp","ele":1604,"country":"DE","wikidata":"Q367455","wikipedia":"de:Kampen (Berg)"}},
    {"type":"Feature","id":3906281333,"geometry":{"type":"Point","coordinates":[11.86742,47.64324]},"properties":{"id":3906281333,"name":"Stolzeneck","ele":1604,"country":"DE"}},
    {"type":"Feature","id":1621410553,"geometry":{"type":"Point","coordinates":[11.3167,47.38636]},"properties":{"id":1621410553,"name":"Kienleitenkopf","ele":1602,"country":"AT","wikidata":"Q21868387"}},
    {"type":"Feature","id":2338028257,"geometry":{"type":"Point","coordinates":[11.86621,47.64858]},"properties":{"id":2338028257,"name":"Rotkopf","ele":1602,"country":"DE"}},
    {"type":"Feature","id":264056175,"geometry":{"type":"Point","coordinates":[11.64316,47.65215]},"properties":{"id":264056175,"name":"Seekarkreuz","ele":1601,"country":"DE","wikidata":"Q2265064","wikipedia":"de:Seekarkreuz"}},
    {"type":"Feature","id":12590096643,"geometry":{"type":"Point","coordinates":[11.50232,47.65529]},"properties":{"id":12590096643,"name":"Feichteckwand","ele":1600,"country":"DE","wikidata":"Q107706105","wikipedia":"de:Feichteckwand"}},
    {"type":"Feature","id":269413201,"geometry":{"type":"Point","coordinates":[12.24693,47.71095]},"properties":{"id":269413201,"name":"Spitzstein","ele":1598,"country":"DE","prominence":851,"wikidata":"Q185459","wikipedia":"de:Spitzstein"}},
    {"type":"Feature","id":13376445693,"geometry":{"type":"Point","coordinates":[11.35618,47.47111]},"properties":{"id":13376445693,"name":"Turm","ele":1598,"country":"DE"}},
    {"type":"Feature","id":2859707904,"geometry":{"type":"Point","coordinates":[12.1539,47.51058]},"properties":{"id":2859707904,"name":"Großer Pölven","ele":1595,"country":"AT","prominence":891,"wikidata":"Q872461","wikipedia":"de:Pölven"}},
    {"type":"Feature","id":7216720942,"geometry":{"type":"Point","coordinates":[11.8374,47.49281]},"properties":{"id":7216720942,"name":"Labegg-Kreuz","ele":1595,"country":"AT"}},
    {"type":"Feature","id":1978075727,"geometry":{"type":"Point","coordinates":[11.2406,47.55693]},"properties":{"id":1978075727,"name":"Kesselköpfe","ele":1594,"country":"DE","wikidata":"Q31535436"}},
    {"type":"Feature","id":264056090,"geometry":{"type":"Point","coordinates":[11.66602,47.66612]},"properties":{"id":264056090,"name":"Ochsenkamp","ele":1594,"country":"DE","wikidata":"Q367455","wikipedia":"de:Kampen (Berg)"}},
    {"type":"Feature","id":1699496391,"geometry":{"type":"Point","coordinates":[11.81204,47.64226]},"properties":{"id":1699496391,"name":"Schreistein","ele":1594,"country":"DE","wikidata":"Q30134209","wikipedia":"de:Schreistein"}},
    {"type":"Feature","id":2983909328,"geometry":{"type":"Point","coordinates":[11.93074,47.6832]},"properties":{"id":2983909328,"name":"Heißenplatte","ele":1593,"country":"DE","wikidata":"Q31541594"}},
    {"type":"Feature","id":1504216318,"geometry":{"type":"Point","coordinates":[11.96826,47.65113]},"properties":{"id":1504216318,"name":"Gamswand","ele":1592,"country":"DE"}},
    {"type":"Feature","id":2973369663,"geometry":{"type":"Point","coordinates":[11.66697,47.64038]},"properties":{"id":2973369663,"name":"Hochplatte","ele":1592,"country":"DE","wikidata":"Q2400324","wikipedia":"de:Hochplatte (Tegernseer Berge)"}},
    {"type":"Feature","id":1280479987,"geometry":{"type":"Point","coordinates":[11.4616,47.52459]},"properties":{"id":1280479987,"name":"Moosenkopf","ele":1592,"country":"DE","wikidata":"Q31530305"}},
    {"type":"Feature","id":7956164422,"geometry":{"type":"Point","coordinates":[11.29992,47.45783]},"properties":{"id":7956164422,"name":"Schwarzkopf","ele":1591,"country":"DE","wikidata":"Q31521366"}},
    {"type":"Feature","id":345378250,"geometry":{"type":"Point","coordinates":[11.26301,47.61355]},"properties":{"id":345378250,"name":"Rauheck","ele":1590,"country":"DE","wikidata":"Q31526834"}},
    {"type":"Feature","id":618771984,"geometry":{"type":"Point","coordinates":[11.48452,47.66198]},"properties":{"id":618771984,"name":"Probstenwand","ele":1589,"country":"DE"}},
    {"type":"Feature","id":819329655,"geometry":{"type":"Point","coordinates":[12.08285,47.64858]},"properties":{"id":819329655,"name":"Rotwandlspitz","ele":1588,"country":"DE","wikidata":"Q116950392","wikipedia":"de:Rotwandlspitz"}},
    {"type":"Feature","id":381013586,"geometry":{"type":"Point","coordinates":[11.2206,47.43068]},"properties":{"id":381013586,"name":"Grünkopf","ele":1587,"country":"DE","wikidata":"Q31543329"}},
    {"type":"Feature","id":510815115,"geometry":{"type":"Point","coordinates":[12.01897,47.71536]},"properties":{"id":510815115,"name":"Haidwand","ele":1584,"country":"DE"}},
    {"type":"Feature","id":1979711345,"geometry":{"type":"Point","coordinates":[11.81622,47.56405]},"properties":{"id":1979711345,"name":"Abendstein","ele":1581,"country":"AT","wikidata":"Q319009","wikipedia":"de:Abendstein (Brandenberger Alpen)"}},
    {"type":"Feature","id":524429125,"geometry":{"type":"Point","coordinates":[11.28008,47.27667]},"properties":{"id":524429125,"name":"Hochwandkopf","ele":1579,"country":"AT"}},
    {"type":"Feature","id":443883206,"geometry":{"type":"Point","coordinates":[11.86186,47.65569]},"properties":{"id":443883206,"name":"Roßkopf","ele":1579,"country":"DE","wikidata":"Q2171355","wikipedia":"de:Roßkopf (Mangfallgebirge)"}},
    {"type":"Feature","id":4541927441,"geometry":{"type":"Point","coordinates":[11.67482,47.629]},"properties":{"id":4541927441,"name":"Sonnberg","ele":1576,"country":"DE"}},
    {"type":"Feature","id":283733455,"geometry":{"type":"Point","coordinates":[11.98284,47.72116]},"properties":{"id":283733455,"name":"Breitenstein Westgipfel","ele":1575,"country":"DE","wikidata":"Q31551984"}},
    {"type":"Feature","id":2622495603,"geometry":{"type":"Point","coordinates":[11.84976,47.59438]},"properties":{"id":2622495603,"name":"Rieselsberg","ele":1574,"country":"DE","wikidata":"Q31526104"}},
    {"type":"Feature","id":823439688,"geometry":{"type":"Point","coordinates":[11.44678,47.31153]},"properties":{"id":823439688,"name":"Thaurer Rosskopf","ele":1574,"country":"AT"}},
    {"type":"Feature","id":966050507,"geometry":{"type":"Point","coordinates":[12.29893,47.59039]},"properties":{"id":966050507,"name":"Ropanzen","ele":1572,"country":"AT"}},
    {"type":"Feature","id":13173270902,"geometry":{"type":"Point","coordinates":[11.19338,47.56587]},"properties":{"id":13173270902,"name":"Zunderstein","ele":1570,"country":"DE"}},
    {"type":"Feature","id":399492387,"geometry":{"type":"Point","coordinates":[11.65281,47.65612]},"properties":{"id":399492387,"name":"Brandkopf","ele":1569,"country":"DE","wikidata":"Q31551561"}},
    {"type":"Feature","id":48783387,"geometry":{"type":"Point","coordinates":[12.24873,47.74715]},"properties":{"id":48783387,"name":"Hochries","ele":1569,"country":"DE","wikidata":"Q1533425","wikipedia":"de:Hochries"}},
    {"type":"Feature","id":2622495587,"geometry":{"type":"Point","coordinates":[11.84352,47.60508]},"properties":{"id":2622495587,"name":"Laubbergel","ele":1569,"country":"DE"}},
    {"type":"Feature","id":2518044185,"geometry":{"type":"Point","coordinates":[11.93564,47.61785]},"properties":{"id":2518044185,"name":"Kreuzbergspitzl","ele":1567,"country":"DE","wikidata":"Q31557802"}},
    {"type":"Feature","id":1841764370,"geometry":{"type":"Point","coordinates":[11.37186,47.62594]},"properties":{"id":1841764370,"name":"Jochberg","ele":1565,"country":"DE","wikidata":"Q322506","wikipedia":"de:Jochberg (Berg)"}},
    {"type":"Feature","id":763103283,"geometry":{"type":"Point","coordinates":[12.18461,47.46758]},"properties":{"id":763103283,"name":"Kleine Salve","ele":1565,"country":"AT"}},
    {"type":"Feature","id":1479475021,"geometry":{"type":"Point","coordinates":[12.26537,47.73257]},"properties":{"id":1479475021,"name":"Zinnenberg","ele":1565,"country":"DE","wikidata":"Q21864167"}},
    {"type":"Feature","id":1276074774,"geometry":{"type":"Point","coordinates":[11.65221,47.68439]},"properties":{"id":1276074774,"name":"Fockenstein","ele":1564,"country":"DE","wikidata":"Q880217","wikipedia":"de:Fockenstein"}},
    {"type":"Feature","id":256041999,"geometry":{"type":"Point","coordinates":[12.10902,47.57125]},"properties":{"id":256041999,"name":"Pendling","ele":1563,"country":"AT","wikidata":"Q602129","wikipedia":"de:Pendling"}},
    {"type":"Feature","id":276909078,"geometry":{"type":"Point","coordinates":[12.03493,47.66164]},"properties":{"id":276909078,"name":"Vogelsang","ele":1563,"country":"DE","wikidata":"Q31558406"}},
    {"type":"Feature","id":455291739,"geometry":{"type":"Point","coordinates":[11.65547,47.44244]},"properties":{"id":455291739,"name":"Feilkopf","ele":1562,"country":"AT"}},
    {"type":"Feature","id":2859709601,"geometry":{"type":"Point","coordinates":[12.16582,47.5179]},"properties":{"id":2859709601,"name":"Kleiner Pölven","ele":1562,"country":"AT"}},
    {"type":"Feature","id":1656638165,"geometry":{"type":"Point","coordinates":[12.1504,47.5103]},"properties":{"id":1656638165,"name":"Mittagskogel","ele":1562,"country":"AT","wikidata":"Q872461","wikipedia":"de:Pölven"}},
    {"type":"Feature","id":440346596,"geometry":{"type":"Point","coordinates":[11.73474,47.58974]},"properties":{"id":440346596,"name":"Predigtstuhl","ele":1562,"country":"DE","wikidata":"Q130365161","wikipedia":"de:Predigtstuhl (Blauberge)"}},
    {"type":"Feature","id":4294888409,"geometry":{"type":"Point","coordinates":[11.35589,47.28482]},"properties":{"id":4294888409,"name":"Achselkopf","ele":1560,"country":"AT","wikidata":"Q21873266"}},
    {"type":"Feature","id":11243529771,"geometry":{"type":"Point","coordinates":[11.14497,47.34645]},"properties":{"id":11243529771,"name":"Hochmoos","ele":1558,"country":"AT","wikidata":"Q21871843"}},
    {"type":"Feature","id":1913812740,"geometry":{"type":"Point","coordinates":[12.05458,47.60655]},"properties":{"id":1913812740,"name":"Ascherjoch (Semmelkopf)","ele":1557,"country":"AT"}},
    {"type":"Feature","id":3210054356,"geometry":{"type":"Point","coordinates":[12.00752,47.69782]},"properties":{"id":3210054356,"name":"Bockstein","ele":1555,"country":"DE"}},
    {"type":"Feature","id":97173084,"geometry":{"type":"Point","coordinates":[11.52479,47.66419]},"properties":{"id":97173084,"name":"Brauneck","ele":1555,"country":"DE","wikidata":"Q180647","wikipedia":"de:Brauneck"}},
    {"type":"Feature","id":256041785,"geometry":{"type":"Point","coordinates":[12.27167,47.49194]},"properties":{"id":256041785,"name":"Hartkaiser","ele":1555,"country":"AT","wikidata":"Q1587194","wikipedia":"de:Hartkaiser"}},
    {"type":"Feature","id":13977440668,"geometry":{"type":"Point","coordinates":[11.26145,47.37201]},"properties":{"id":13977440668,"name":"Luchstalkopf","ele":1555,"country":null}},
    {"type":"Feature","id":2874047929,"geometry":{"type":"Point","coordinates":[11.90801,47.68491]},"properties":{"id":2874047929,"name":"Nagelspitz","ele":1555,"country":"DE","wikidata":"Q31529781"}},
    {"type":"Feature","id":413685640,"geometry":{"type":"Point","coordinates":[11.41202,47.65037]},"properties":{"id":413685640,"name":"Rabenkopf","ele":1555,"country":"DE","wikidata":"Q2124967","wikipedia":"de:Rabenkopf (Bayerische Voralpen)"}},
    {"type":"Feature","id":1472967226,"geometry":{"type":"Point","coordinates":[11.94799,47.55249]},"properties":{"id":1472967226,"name":"Jöchl","ele":1554,"country":"AT"}},
    {"type":"Feature","id":424026576,"geometry":{"type":"Point","coordinates":[12.26677,47.73883]},"properties":{"id":424026576,"name":"Klausenberg","ele":1554,"country":"DE","wikidata":"Q1745964"}},
    {"type":"Feature","id":1579437934,"geometry":{"type":"Point","coordinates":[11.83591,47.68039]},"properties":{"id":1579437934,"name":"Wasserspitz","ele":1552,"country":"DE","wikidata":"Q31515706","wikipedia":"de:Wasserspitz"}},
    {"type":"Feature","id":304477193,"geometry":{"type":"Point","coordinates":[11.07451,47.63882]},"properties":{"id":304477193,"name":"Hinteres Hörnle","ele":1548,"country":"DE","wikidata":"Q1651825"}},
    {"type":"Feature","id":270500553,"geometry":{"type":"Point","coordinates":[11.51981,47.66199]},"properties":{"id":270500553,"name":"Schrödelstein","ele":1548,"country":"DE","wikidata":"Q31558390"}},
    {"type":"Feature","id":725055111,"geometry":{"type":"Point","coordinates":[12.03693,47.71867]},"properties":{"id":725055111,"name":"Lechnerkopf","ele":1547,"country":"DE","wikidata":"Q31558918","wikipedia":"de:Lechnerkopf"}},
    {"type":"Feature","id":1470722107,"geometry":{"type":"Point","coordinates":[11.7806,47.64245]},"properties":{"id":1470722107,"name":"Daffenstein","ele":1546,"country":"DE","wikidata":"Q31558128"}},
    {"type":"Feature","id":819329650,"geometry":{"type":"Point","coordinates":[12.0814,47.65167]},"properties":{"id":819329650,"name":"Brünnsteinschanze","ele":1545,"country":"DE","wikidata":"Q120444189"}},
    {"type":"Feature","id":191018794,"geometry":{"type":"Point","coordinates":[11.70539,47.6656]},"properties":{"id":191018794,"name":"Kratzer","ele":1545,"country":"DE"}},
    {"type":"Feature","id":13651296162,"geometry":{"type":"Point","coordinates":[11.98302,47.52638]},"properties":{"id":13651296162,"name":"Nachberg","ele":1545,"country":"AT"}},
    {"type":"Feature","id":1440282038,"geometry":{"type":"Point","coordinates":[11.84912,47.56758]},"properties":{"id":1440282038,"name":"Ragstattjoch","ele":1545,"country":"AT","wikidata":"Q1295772","wikipedia":"de:Raggstadtjoch"}},
    {"type":"Feature","id":1986716397,"geometry":{"type":"Point","coordinates":[11.84494,47.4547]},"properties":{"id":1986716397,"name":"Pletzachkogel","ele":1544,"country":"AT"}},
    {"type":"Feature","id":1431131393,"geometry":{"type":"Point","coordinates":[11.38731,47.53344]},"properties":{"id":1431131393,"name":"Pfetterkopf","ele":1543,"country":"DE","wikidata":"Q26882888"}},
    {"type":"Feature","id":344362676,"geometry":{"type":"Point","coordinates":[11.09735,47.61387]},"properties":{"id":344362676,"name":"Großer Aufacker","ele":1542,"country":"DE","wikidata":"Q759483"}},
    {"type":"Feature","id":1913793048,"geometry":{"type":"Point","coordinates":[12.10162,47.5679]},"properties":{"id":1913793048,"name":"Mittagskopf","ele":1542,"country":"AT"}},
    {"type":"Feature","id":648572859,"geometry":{"type":"Point","coordinates":[11.24236,47.60688]},"properties":{"id":648572859,"name":"Ölrain","ele":1542,"country":"DE","wikidata":"Q297281","wikipedia":"de:Ölrain"}},
    {"type":"Feature","id":766827974,"geometry":{"type":"Point","coordinates":[12.16504,47.51943]},"properties":{"id":766827974,"name":"Schwoicher Kreuz","ele":1541,"country":"AT"}},
    {"type":"Feature","id":1987164101,"geometry":{"type":"Point","coordinates":[11.78474,47.4248]},"properties":{"id":1987164101,"name":"Martlspitze","ele":1540,"country":"AT"}},
    {"type":"Feature","id":2607585336,"geometry":{"type":"Point","coordinates":[11.69954,47.65501]},"properties":{"id":2607585336,"name":"Silberkopf","ele":1540,"country":"DE","wikidata":"Q31520776"}},
    {"type":"Feature","id":260869935,"geometry":{"type":"Point","coordinates":[11.99775,47.66436]},"properties":{"id":260869935,"name":"Seebergkopf","ele":1538,"country":"DE","wikidata":"Q2264591"}},
    {"type":"Feature","id":8536811141,"geometry":{"type":"Point","coordinates":[11.0818,47.45512]},"properties":{"id":8536811141,"name":"Sauwankl","ele":1537,"country":"DE"}},
    {"type":"Feature","id":793835921,"geometry":{"type":"Point","coordinates":[11.95939,47.42651]},"properties":{"id":793835921,"name":"Grassbergjöchl","ele":1536,"country":"AT"}},
    {"type":"Feature","id":779073920,"geometry":{"type":"Point","coordinates":[12.01082,47.53716]},"properties":{"id":779073920,"name":"Durrenberg","ele":1534,"country":"AT"}},
    {"type":"Feature","id":702261000,"geometry":{"type":"Point","coordinates":[11.10595,47.61357]},"properties":{"id":702261000,"name":"Kleiner Aufacker","ele":1533,"country":"DE","wikidata":"Q31534788"}},
    {"type":"Feature","id":304477194,"geometry":{"type":"Point","coordinates":[11.07498,47.63549]},"properties":{"id":304477194,"name":"Stierkopf","ele":1533,"country":"DE","wikidata":"Q31558037"}},
    {"type":"Feature","id":714142248,"geometry":{"type":"Point","coordinates":[11.20595,47.53066]},"properties":{"id":714142248,"name":"Unterrauheck","ele":1533,"country":"DE","wikidata":"Q31556415"}},
    {"type":"Feature","id":26864777,"geometry":{"type":"Point","coordinates":[11.46772,47.58578]},"properties":{"id":26864777,"name":"Staffel","ele":1532,"country":"DE","wikidata":"Q1507853","wikipedia":"de:Staffel (Berg)"}},
    {"type":"Feature","id":3230098748,"geometry":{"type":"Point","coordinates":[12.04258,47.60312]},"properties":{"id":3230098748,"name":"Saurüssel","ele":1530,"country":"AT"}},
    {"type":"Feature","id":702874218,"geometry":{"type":"Point","coordinates":[11.04004,47.58316]},"properties":{"id":702874218,"name":"Brunnberg","ele":1529,"country":"DE","wikidata":"Q31551020"}},
    {"type":"Feature","id":3230098744,"geometry":{"type":"Point","coordinates":[12.05248,47.63382]},"properties":{"id":3230098744,"name":"Kleiner Unterberg","ele":1529,"country":"DE"}},
    {"type":"Feature","id":714142253,"geometry":{"type":"Point","coordinates":[11.19413,47.51491]},"properties":{"id":714142253,"name":"Mitterkopf","ele":1529,"country":"DE","wikidata":"Q31530516"}},
    {"type":"Feature","id":9461630295,"geometry":{"type":"Point","coordinates":[11.64625,47.45071]},"properties":{"id":9461630295,"name":"Rauhenkopf","ele":1529,"country":"AT"}},
    {"type":"Feature","id":1280509711,"geometry":{"type":"Point","coordinates":[11.60994,47.5504]},"properties":{"id":1280509711,"name":"Rosskopf","ele":1528,"country":"AT","wikidata":"Q21876532","wikipedia":"de:Rosskopf (Karwendel)"}},
    {"type":"Feature","id":776376623,"geometry":{"type":"Point","coordinates":[11.41323,47.65211]},"properties":{"id":776376623,"name":"Schwarzeck","ele":1527,"country":"DE","wikidata":"Q31558230"}},
    {"type":"Feature","id":1609845013,"geometry":{"type":"Point","coordinates":[11.19331,47.37699]},"properties":{"id":1609845013,"name":"Hoher Stich","ele":1522,"country":"AT"}},
    {"type":"Feature","id":1476474222,"geometry":{"type":"Point","coordinates":[11.73618,47.56983]},"properties":{"id":1476474222,"name":"Rotmöserkopf","ele":1522,"country":"AT","wikidata":"Q21876502","wikipedia":"de:Rotmöserkopf"}},
    {"type":"Feature","id":2851315353,"geometry":{"type":"Point","coordinates":[12.0166,47.71356]},"properties":{"id":2851315353,"name":"Kirchelwand","ele":1521,"country":"DE","wikidata":"Q31558853"}},
    {"type":"Feature","id":3172816123,"geometry":{"type":"Point","coordinates":[11.27955,47.60375]},"properties":{"id":3172816123,"name":"Rotwandkopf","ele":1519,"country":"DE","wikidata":"Q31524713"}},
    {"type":"Feature","id":1476464761,"geometry":{"type":"Point","coordinates":[11.8275,47.49757]},"properties":{"id":1476464761,"name":"Ameiskogel","ele":1518,"country":"AT"}},
    {"type":"Feature","id":942820096,"geometry":{"type":"Point","coordinates":[11.49751,47.6508]},"properties":{"id":942820096,"name":"Beigenstein","ele":1518,"country":"DE"}},
    {"type":"Feature","id":1337213883,"geometry":{"type":"Point","coordinates":[12.29939,47.70477]},"properties":{"id":1337213883,"name":"Mühlhörndl","ele":1518,"country":"DE","wikidata":"Q31530014"}},
    {"type":"Feature","id":2109766113,"geometry":{"type":"Point","coordinates":[11.66139,47.65524]},"properties":{"id":2109766113,"name":"Mühltaleck","ele":1518,"country":"DE"}},
    {"type":"Feature","id":9021112111,"geometry":{"type":"Point","coordinates":[11.24294,47.35934]},"properties":{"id":9021112111,"name":"Schlagkopf","ele":1518,"country":"AT"}},
    {"type":"Feature","id":424047395,"geometry":{"type":"Point","coordinates":[12.25419,47.71742]},"properties":{"id":424047395,"name":"Brandelberg","ele":1516,"country":"AT","wikidata":"Q31558902"}},
    {"type":"Feature","id":442148678,"geometry":{"type":"Point","coordinates":[11.67832,47.58423]},"properties":{"id":442148678,"name":"Reitstein","ele":1516,"country":"DE","wikidata":"Q2142214","wikipedia":"de:Reitstein"}},
    {"type":"Feature","id":264778079,"geometry":{"type":"Point","coordinates":[11.40632,47.62748]},"properties":{"id":264778079,"name":"Hirschhörnlkopf","ele":1515,"country":"DE","wikidata":"Q1620459","wikipedia":"de:Hirschhörnlkopf"}},
    {"type":"Feature","id":277716447,"geometry":{"type":"Point","coordinates":[11.08437,47.55672]},"properties":{"id":277716447,"name":"Ochsensitz","ele":1515,"country":"DE","wikidata":"Q31528883"}},
    {"type":"Feature","id":9315606664,"geometry":{"type":"Point","coordinates":[11.98082,47.71974]},"properties":{"id":9315606664,"name":"Bockstein","ele":1514,"country":"DE"}},
    {"type":"Feature","id":49898914,"geometry":{"type":"Point","coordinates":[12.23103,47.73445]},"properties":{"id":49898914,"name":"Feichteck","ele":1514,"country":"DE","wikidata":"Q30274699"}},
    {"type":"Feature","id":413585849,"geometry":{"type":"Point","coordinates":[11.98767,47.71104]},"properties":{"id":413585849,"name":"Schweinsberg","ele":1514,"country":"DE","wikidata":"Q31804517"}},
    {"type":"Feature","id":9895387909,"geometry":{"type":"Point","coordinates":[11.99923,47.70531]},"properties":{"id":9895387909,"name":"Türkenköpfl","ele":1512,"country":"DE"}},
    {"type":"Feature","id":1432013531,"geometry":{"type":"Point","coordinates":[11.53697,47.51696]},"properties":{"id":1432013531,"name":"Großer Rhonkopf","ele":1511,"country":"DE"}},
    {"type":"Feature","id":1611812665,"geometry":{"type":"Point","coordinates":[11.7146,47.66112]},"properties":{"id":1611812665,"name":"Rauheck","ele":1511,"country":"DE","wikidata":"Q31526816"}},
    {"type":"Feature","id":6574451264,"geometry":{"type":"Point","coordinates":[11.75897,47.52163]},"properties":{"id":6574451264,"name":"Zwölferkopf","ele":1511,"country":"AT","wikidata":"Q21876544"}},
    {"type":"Feature","id":13947706724,"geometry":{"type":"Point","coordinates":[11.15667,47.3277]},"properties":{"id":13947706724,"name":"Brunschkopf","ele":1510,"country":null}},
    {"type":"Feature","id":4027021416,"geometry":{"type":"Point","coordinates":[11.83359,47.30576]},"properties":{"id":4027021416,"name":"Seebachkogel","ele":1510,"country":"AT"}},
    {"type":"Feature","id":5997401877,"geometry":{"type":"Point","coordinates":[11.0884,47.58205]},"properties":{"id":5997401877,"name":"Latschenköpferl","ele":1509,"country":"DE"}},
    {"type":"Feature","id":3129778136,"geometry":{"type":"Point","coordinates":[11.29935,47.61895]},"properties":{"id":3129778136,"name":"Rauteckkopf","ele":1509,"country":"DE","wikidata":"Q31557838"}},
    {"type":"Feature","id":702239387,"geometry":{"type":"Point","coordinates":[11.88839,47.47442]},"properties":{"id":702239387,"name":"Voldöppberg","ele":1509,"country":"AT","wikidata":"Q2530722","wikipedia":"de:Voldöppberg"}},
    {"type":"Feature","id":4104477138,"geometry":{"type":"Point","coordinates":[11.28648,47.61842]},"properties":{"id":4104477138,"name":"Rauchköpfl","ele":1508,"country":"DE","wikidata":"Q31557820"}},
    {"type":"Feature","id":1712540603,"geometry":{"type":"Point","coordinates":[11.19874,47.36129]},"properties":{"id":1712540603,"name":"Simmelberg","ele":1508,"country":"AT"}},
    {"type":"Feature","id":702239408,"geometry":{"type":"Point","coordinates":[11.8878,47.47485]},"properties":{"id":702239408,"name":"Voldöpper Spitze","ele":1507,"country":"AT","wikidata":"Q2530722","wikipedia":"de:Voldöppberg"}},
    {"type":"Feature","id":1419056358,"geometry":{"type":"Point","coordinates":[11.99135,47.6663]},"properties":{"id":1419056358,"name":"Seebergschneid","ele":1506,"country":"DE"}},
    {"type":"Feature","id":2338028258,"geometry":{"type":"Point","coordinates":[11.85634,47.66223]},"properties":{"id":2338028258,"name":"Stümpfling","ele":1506,"country":"DE","wikidata":"Q15060197","wikipedia":"de:Stümpfling"}},
    {"type":"Feature","id":4523743080,"geometry":{"type":"Point","coordinates":[11.19375,47.56773]},"properties":{"id":4523743080,"name":"Zunderkopf","ele":1506,"country":"DE","wikidata":"Q31556859"}},
    {"type":"Feature","id":1776057910,"geometry":{"type":"Point","coordinates":[12.28008,47.74814]},"properties":{"id":1776057910,"name":"Heuraffelkopf","ele":1505,"country":"DE","wikidata":"Q31559012"}},
    {"type":"Feature","id":1979711365,"geometry":{"type":"Point","coordinates":[11.81721,47.58114]},"properties":{"id":1979711365,"name":"Hinterer Sattelkopf","ele":1505,"country":"AT","wikidata":"Q21876513","wikipedia":"de:Hinterer Sattelkopf (Bayerische Voralpen)"}},
    {"type":"Feature","id":705251902,"geometry":{"type":"Point","coordinates":[11.21387,47.56685]},"properties":{"id":705251902,"name":"Hinterer Kopf","ele":1501,"country":"DE","wikidata":"Q31556842"}},
    {"type":"Feature","id":1256951990,"geometry":{"type":"Point","coordinates":[11.5011,47.3163]},"properties":{"id":1256951990,"name":"Rädermacher","ele":1499,"country":"AT"}},
    {"type":"Feature","id":1473037141,"geometry":{"type":"Point","coordinates":[11.93839,47.53004]},"properties":{"id":1473037141,"name":"Hoher Nock","ele":1497,"country":"AT"}},
    {"type":"Feature","id":1574124126,"geometry":{"type":"Point","coordinates":[11.43627,47.653]},"properties":{"id":1574124126,"name":"Glaswand","ele":1496,"country":"DE","wikidata":"Q19963196"}},
    {"type":"Feature","id":420154753,"geometry":{"type":"Point","coordinates":[12.24019,47.73972]},"properties":{"id":420154753,"name":"Karkopf","ele":1496,"country":"DE","wikidata":"Q31536147"}},
    {"type":"Feature","id":1593400161,"geometry":{"type":"Point","coordinates":[12.03466,47.66346]},"properties":{"id":1593400161,"name":"Kitzlahnerkopf","ele":1496,"country":"DE","wikidata":"Q31535046"}},
    {"type":"Feature","id":1020594121,"geometry":{"type":"Point","coordinates":[12.10152,47.43026]},"properties":{"id":1020594121,"name":"Markbachjoch","ele":1496,"country":"AT"}},
    {"type":"Feature","id":304477192,"geometry":{"type":"Point","coordinates":[11.0621,47.64027]},"properties":{"id":304477192,"name":"Mittleres Hörnle","ele":1496,"country":"DE","wikidata":"Q31530484"}},
    {"type":"Feature","id":1675733988,"geometry":{"type":"Point","coordinates":[11.17879,47.31393]},"properties":{"id":1675733988,"name":"Gschwandtkopf","ele":1495,"country":"AT","wikidata":"Q18125318","wikipedia":"de:Gschwandtkopf"}},
    {"type":"Feature","id":928061460,"geometry":{"type":"Point","coordinates":[11.8499,47.6712]},"properties":{"id":928061460,"name":"Krettenburg","ele":1494,"country":"DE"}},
    {"type":"Feature","id":1779231021,"geometry":{"type":"Point","coordinates":[12.27255,47.74356]},"properties":{"id":1779231021,"name":"Predigtstuhl","ele":1494,"country":"DE","wikidata":"Q31527790"}},
    {"type":"Feature","id":1280479984,"geometry":{"type":"Point","coordinates":[11.48935,47.53181]},"properties":{"id":1280479984,"name":"Brandeck","ele":1492,"country":"DE"}},
    {"type":"Feature","id":264055806,"geometry":{"type":"Point","coordinates":[11.61908,47.67965]},"properties":{"id":264055806,"name":"Geierstein","ele":1491,"country":"DE","wikidata":"Q1498712","wikipedia":"de:Geierstein"}},
    {"type":"Feature","id":1978075747,"geometry":{"type":"Point","coordinates":[11.25888,47.55223]},"properties":{"id":1978075747,"name":"Neuglägerkopf","ele":1491,"country":"DE","wikidata":"Q31529592"}},
    {"type":"Feature","id":827212535,"geometry":{"type":"Point","coordinates":[11.69601,47.42729]},"properties":{"id":827212535,"name":"Zwölferkopf","ele":1491,"country":"AT","wikidata":"Q245221","wikipedia":"de:Zwölferkopf (Karwendel)"}},
    {"type":"Feature","id":1675733353,"geometry":{"type":"Point","coordinates":[11.17458,47.31097]},"properties":{"id":1675733353,"name":"Brennerköpfl","ele":1490,"country":"AT"}},
    {"type":"Feature","id":2510815534,"geometry":{"type":"Point","coordinates":[11.46398,47.63103]},"properties":{"id":2510815534,"name":"Latschenkopf","ele":1487,"country":"DE","wikidata":"Q1470235"}},
    {"type":"Feature","id":1503473240,"geometry":{"type":"Point","coordinates":[11.47732,47.45917]},"properties":{"id":1503473240,"name":"Stuhlberg","ele":1487,"country":"AT"}},
    {"type":"Feature","id":310118303,"geometry":{"type":"Point","coordinates":[11.06072,47.64363]},"properties":{"id":310118303,"name":"Vorderes Hörnle","ele":1484,"country":"DE"}},
    {"type":"Feature","id":774990761,"geometry":{"type":"Point","coordinates":[12.0306,47.7065]},"properties":{"id":774990761,"name":"Gschwandtpfeiler","ele":1480,"country":"DE"}},
    {"type":"Feature","id":3229949066,"geometry":{"type":"Point","coordinates":[11.9911,47.7079]},"properties":{"id":3229949066,"name":"Kirchwand","ele":1479,"country":"DE"}},
    {"type":"Feature","id":766827940,"geometry":{"type":"Point","coordinates":[12.14268,47.50672]},"properties":{"id":766827940,"name":"Pölvenkreuz","ele":1477,"country":"AT"}},
    {"type":"Feature","id":415842730,"geometry":{"type":"Point","coordinates":[11.49124,47.54986]},"properties":{"id":415842730,"name":"Grammersberg","ele":1476,"country":"DE","wikidata":"Q31544937"}},
    {"type":"Feature","id":702235976,"geometry":{"type":"Point","coordinates":[11.0961,47.60924]},"properties":{"id":702235976,"name":"Gschwandkopf","ele":1476,"country":"DE","wikidata":"Q31557671"}},
    {"type":"Feature","id":1432013538,"geometry":{"type":"Point","coordinates":[11.53274,47.51648]},"properties":{"id":1432013538,"name":"Kleiner Rhonkopf","ele":1476,"country":"DE"}},
    {"type":"Feature","id":1793360283,"geometry":{"type":"Point","coordinates":[11.19362,47.5692]},"properties":{"id":1793360283,"name":"Zundereck","ele":1476,"country":"DE","wikidata":"Q21996586"}},
    {"type":"Feature","id":1925266694,"geometry":{"type":"Point","coordinates":[11.85276,47.4926]},"properties":{"id":1925266694,"name":"Pramakopf","ele":1475,"country":"AT"}},
    {"type":"Feature","id":1431131368,"geometry":{"type":"Point","coordinates":[11.39902,47.53781]},"properties":{"id":1431131368,"name":"Grasberg","ele":1474,"country":"DE"}},
    {"type":"Feature","id":301854055,"geometry":{"type":"Point","coordinates":[12.16187,47.40608]},"properties":{"id":301854055,"name":"Glanterer Kogel","ele":1473,"country":"AT","wikidata":"Q21871040"}},
    {"type":"Feature","id":1261026316,"geometry":{"type":"Point","coordinates":[11.51107,47.66564]},"properties":{"id":1261026316,"name":"Kirchel","ele":1473,"country":"DE","wikidata":"Q91133656","wikipedia":"de:Kirchel"}},
    {"type":"Feature","id":7600647716,"geometry":{"type":"Point","coordinates":[11.4084,47.30808]},"properties":{"id":7600647716,"name":"Kugelter Kopf","ele":1472,"country":"AT"}},
    {"type":"Feature","id":829275923,"geometry":{"type":"Point","coordinates":[12.22311,47.56027]},"properties":{"id":829275923,"name":"Hochegg","ele":1470,"country":"AT","wikidata":"Q99520566"}},
    {"type":"Feature","id":4209518331,"geometry":{"type":"Point","coordinates":[11.29014,47.27322]},"properties":{"id":4209518331,"name":"Finstertalegg","ele":1468,"country":"AT"}},
    {"type":"Feature","id":1621305826,"geometry":{"type":"Point","coordinates":[11.80725,47.65999]},"properties":{"id":1621305826,"name":"Laiterkopf","ele":1467,"country":"DE"}},
    {"type":"Feature","id":702260997,"geometry":{"type":"Point","coordinates":[11.11859,47.57786]},"properties":{"id":702260997,"name":"Großer Laber","ele":1466,"country":"DE","wikidata":"Q31543959"}},
    {"type":"Feature","id":1583835062,"geometry":{"type":"Point","coordinates":[11.90007,47.65746]},"properties":{"id":1583835062,"name":"Schwarzenkopf","ele":1464,"country":"DE","wikidata":"Q31521471"}},
    {"type":"Feature","id":1574152591,"geometry":{"type":"Point","coordinates":[11.84235,47.68576]},"properties":{"id":1574152591,"name":"Rainerkopf","ele":1463,"country":"DE","wikidata":"Q31527212"}},
    {"type":"Feature","id":1776057909,"geometry":{"type":"Point","coordinates":[12.27789,47.74965]},"properties":{"id":1776057909,"name":"Abereck","ele":1461,"country":"DE"}},
    {"type":"Feature","id":12369578509,"geometry":{"type":"Point","coordinates":[11.67211,47.64182]},"properties":{"id":12369578509,"name":"Mühlriedeck","ele":1461,"country":"DE"}},
    {"type":"Feature","id":441388018,"geometry":{"type":"Point","coordinates":[11.67006,47.65568]},"properties":{"id":441388018,"name":"Zwieseleck","ele":1461,"country":"DE"}},
    {"type":"Feature","id":1232100314,"geometry":{"type":"Point","coordinates":[11.97106,47.51913]},"properties":{"id":1232100314,"name":"Ascherjöchl","ele":1458,"country":"AT"}},
    {"type":"Feature","id":442148679,"geometry":{"type":"Point","coordinates":[11.67639,47.59385]},"properties":{"id":442148679,"name":"Stacheleck","ele":1458,"country":"DE","wikidata":"Q31519809"}},
    {"type":"Feature","id":4104402985,"geometry":{"type":"Point","coordinates":[11.26484,47.60778]},"properties":{"id":4104402985,"name":"Ohlstädter Teilberg","ele":1457,"country":"DE","wikidata":"Q31528757"}},
    {"type":"Feature","id":267792214,"geometry":{"type":"Point","coordinates":[11.24396,47.61453]},"properties":{"id":267792214,"name":"Buchrain","ele":1456,"country":"DE","wikidata":"Q90926649","wikipedia":"de:Buchrain (Ohlstadt)"}},
    {"type":"Feature","id":1279783253,"geometry":{"type":"Point","coordinates":[11.66095,47.58435]},"properties":{"id":1279783253,"name":"Reitberg","ele":1455,"country":"DE","wikidata":"Q21865093"}},
    {"type":"Feature","id":4102158270,"geometry":{"type":"Point","coordinates":[11.07187,47.51703]},"properties":{"id":4102158270,"name":"Königsstand","ele":1453,"country":"DE","wikidata":"Q17124195"}},
    {"type":"Feature","id":4104402986,"geometry":{"type":"Point","coordinates":[11.25778,47.61053]},"properties":{"id":4104402986,"name":"Grießkopf","ele":1452,"country":"DE","wikidata":"Q31557703"}},
    {"type":"Feature","id":295068783,"geometry":{"type":"Point","coordinates":[11.7161,47.63704]},"properties":{"id":295068783,"name":"Leonhardstein","ele":1452,"country":"DE","wikidata":"Q1819346","wikipedia":"de:Leonhardstein"}},
    {"type":"Feature","id":1776109290,"geometry":{"type":"Point","coordinates":[12.25498,47.71069]},"properties":{"id":1776109290,"name":"Tristmahlnschneid","ele":1452,"country":"DE"}},
    {"type":"Feature","id":3230066902,"geometry":{"type":"Point","coordinates":[11.93774,47.63181]},"properties":{"id":3230066902,"name":"Berneck","ele":1450,"country":"DE","wikidata":"Q31552608"}},
    {"type":"Feature","id":1501785910,"geometry":{"type":"Point","coordinates":[12.0122,47.71277]},"properties":{"id":1501785910,"name":"Grafinger Köpferl","ele":1450,"country":"DE"}},
    {"type":"Feature","id":469612933,"geometry":{"type":"Point","coordinates":[12.2695,47.75975]},"properties":{"id":469612933,"name":"Riesenberg","ele":1450,"country":"DE","wikidata":"Q31526071"}},
    {"type":"Feature","id":472748172,"geometry":{"type":"Point","coordinates":[12.23397,47.58029]},"properties":{"id":472748172,"name":"Gamskogel","ele":1449,"country":"AT"}},
    {"type":"Feature","id":266572730,"geometry":{"type":"Point","coordinates":[11.81118,47.70223]},"properties":{"id":266572730,"name":"Baumgartenschneid","ele":1448,"country":"DE","wikidata":"Q811560","wikipedia":"de:Baumgartenschneid"}},
    {"type":"Feature","id":2299777579,"geometry":{"type":"Point","coordinates":[12.10634,47.43217]},"properties":{"id":2299777579,"name":"Mittermooser Joch","ele":1448,"country":"AT"}},
    {"type":"Feature","id":26865140,"geometry":{"type":"Point","coordinates":[12.13824,47.68119]},"properties":{"id":26865140,"name":"Wildbarren","ele":1448,"country":"DE","wikidata":"Q2570414"}},
    {"type":"Feature","id":2607585335,"geometry":{"type":"Point","coordinates":[11.7132,47.64581]},"properties":{"id":2607585335,"name":"Filzenkogel","ele":1444,"country":"DE","wikidata":"Q31546974"}},
    {"type":"Feature","id":3146487649,"geometry":{"type":"Point","coordinates":[11.45509,47.65729]},"properties":{"id":3146487649,"name":"Brandköpfel","ele":1442,"country":"DE"}},
    {"type":"Feature","id":2255069264,"geometry":{"type":"Point","coordinates":[11.99388,47.41451]},"properties":{"id":2255069264,"name":"Rauher Kopf","ele":1441,"country":"AT"}},
    {"type":"Feature","id":14002980414,"geometry":{"type":"Point","coordinates":[11.82116,47.36185]},"properties":{"id":14002980414,"name":"Sonnkogel","ele":1439,"country":null}},
    {"type":"Feature","id":4104477133,"geometry":{"type":"Point","coordinates":[11.05998,47.637]},"properties":{"id":4104477133,"name":"Wildeck","ele":1437,"country":"DE"}},
    {"type":"Feature","id":1431131534,"geometry":{"type":"Point","coordinates":[11.43161,47.5841]},"properties":{"id":1431131534,"name":"Zwölferköpfl","ele":1437,"country":"DE"}},
    {"type":"Feature","id":6423595941,"geometry":{"type":"Point","coordinates":[11.12236,47.58744]},"properties":{"id":6423595941,"name":"Höllstein","ele":1435,"country":"DE","wikidata":"Q31557349"}},
    {"type":"Feature","id":3624783966,"geometry":{"type":"Point","coordinates":[12.04685,47.71671]},"properties":{"id":3624783966,"name":"Salwand","ele":1435,"country":"DE"}},
    {"type":"Feature","id":702260992,"geometry":{"type":"Point","coordinates":[11.08892,47.58556]},"properties":{"id":702260992,"name":"Schaffelberg","ele":1434,"country":"DE","wikidata":"Q31523711"}},
    {"type":"Feature","id":419804807,"geometry":{"type":"Point","coordinates":[11.62973,47.65394]},"properties":{"id":419804807,"name":"Grasleitenkopf","ele":1433,"country":"DE","wikidata":"Q31544861"}},
    {"type":"Feature","id":4063871487,"geometry":{"type":"Point","coordinates":[12.24308,47.57814]},"properties":{"id":4063871487,"name":"Taxköpfl","ele":1433,"country":"AT"}},
    {"type":"Feature","id":2622495586,"geometry":{"type":"Point","coordinates":[11.80165,47.6153]},"properties":{"id":2622495586,"name":"Lapberg","ele":1432,"country":"DE","wikidata":"Q24206976"}},
    {"type":"Feature","id":1985592430,"geometry":{"type":"Point","coordinates":[11.93539,47.41997]},"properties":{"id":1985592430,"name":"Tondlkopf","ele":1431,"country":"AT"}},
    {"type":"Feature","id":3230066904,"geometry":{"type":"Point","coordinates":[11.82467,47.61413]},"properties":{"id":3230066904,"name":"Lapbergschneid","ele":1430,"country":"DE"}},
    {"type":"Feature","id":1737571711,"geometry":{"type":"Point","coordinates":[12.26765,47.75344]},"properties":{"id":1737571711,"name":"Spielberg","ele":1430,"country":"DE","wikidata":"Q31520136"}},
    {"type":"Feature","id":595382690,"geometry":{"type":"Point","coordinates":[11.76475,47.63675]},"properties":{"id":595382690,"name":"Riedlerspitz","ele":1429,"country":"DE","wikidata":"Q54802002","wikipedia":"de:Riedlerspitz"}},
    {"type":"Feature","id":268964586,"geometry":{"type":"Point","coordinates":[11.60416,47.609]},"properties":{"id":268964586,"name":"Hochalm","ele":1427,"country":"DE","wikidata":"Q22675136"}},
    {"type":"Feature","id":13313018258,"geometry":{"type":"Point","coordinates":[11.67971,47.52595]},"properties":{"id":13313018258,"name":"Plickenkopf","ele":1427,"country":"AT"}},
    {"type":"Feature","id":513811887,"geometry":{"type":"Point","coordinates":[12.02037,47.45043]},"properties":{"id":513811887,"name":"Kragenjoch","ele":1425,"country":"AT"}},
    {"type":"Feature","id":702262361,"geometry":{"type":"Point","coordinates":[11.08017,47.64296]},"properties":{"id":702262361,"name":"Rißberg","ele":1425,"country":"DE","wikidata":"Q31525673"}},
    {"type":"Feature","id":3253363153,"geometry":{"type":"Point","coordinates":[11.00389,47.60181]},"properties":{"id":3253363153,"name":"Rosengarten","ele":1425,"country":"DE","wikidata":"Q31525331"}},
    {"type":"Feature","id":413925036,"geometry":{"type":"Point","coordinates":[12.04356,47.66578]},"properties":{"id":413925036,"name":"Sudelfeldkopf","ele":1424,"country":"DE","wikidata":"Q31558474"}},
    {"type":"Feature","id":2622495585,"geometry":{"type":"Point","coordinates":[11.81418,47.59878]},"properties":{"id":2622495585,"name":"Langeckberg","ele":1423,"country":"DE","wikidata":"Q1804940"}},
    {"type":"Feature","id":1256843945,"geometry":{"type":"Point","coordinates":[11.48392,47.66664]},"properties":{"id":1256843945,"name":"Ahornkopf","ele":1422,"country":"DE"}},
    {"type":"Feature","id":765097941,"geometry":{"type":"Point","coordinates":[12.0436,47.72394]},"properties":{"id":765097941,"name":"Rampoldplatte","ele":1422,"country":"DE","wikidata":"Q980656"}},
    {"type":"Feature","id":702261002,"geometry":{"type":"Point","coordinates":[11.08419,47.62215]},"properties":{"id":702261002,"name":"Rehbreinkopf","ele":1422,"country":"DE","wikidata":"Q31557920"}},
    {"type":"Feature","id":442710825,"geometry":{"type":"Point","coordinates":[11.60052,47.60478]},"properties":{"id":442710825,"name":"Gerstenrieder Kopf","ele":1421,"country":"DE","wikidata":"Q31545414"}},
    {"type":"Feature","id":3146487650,"geometry":{"type":"Point","coordinates":[11.45899,47.66174]},"properties":{"id":3146487650,"name":"Eibelskopf","ele":1418,"country":"DE","wikidata":"Q31548580"}},
    {"type":"Feature","id":1431170856,"geometry":{"type":"Point","coordinates":[11.59113,47.49659]},"properties":{"id":1431170856,"name":"Larchköpfl","ele":1418,"country":"AT","wikidata":"Q99547000","wikipedia":"de:Larchköpfl"}},
    {"type":"Feature","id":4021206419,"geometry":{"type":"Point","coordinates":[11.68253,47.5785]},"properties":{"id":4021206419,"name":"Sattelkopf","ele":1418,"country":"AT","wikidata":"Q21876494"}},
    {"type":"Feature","id":1473029579,"geometry":{"type":"Point","coordinates":[11.95145,47.54278]},"properties":{"id":1473029579,"name":"Brunftkopf","ele":1417,"country":"AT"}},
    {"type":"Feature","id":1574152590,"geometry":{"type":"Point","coordinates":[11.82427,47.69908]},"properties":{"id":1574152590,"name":"Lahnenkopf","ele":1416,"country":"DE","wikidata":"Q31532641"}},
    {"type":"Feature","id":1431131523,"geometry":{"type":"Point","coordinates":[11.42519,47.5834]},"properties":{"id":1431131523,"name":"Rautbergkopf","ele":1415,"country":"DE","wikidata":"Q31526698"}},
    {"type":"Feature","id":1406932403,"geometry":{"type":"Point","coordinates":[12.28913,47.75325]},"properties":{"id":1406932403,"name":"Zellerwand","ele":1415,"country":"DE"}},
    {"type":"Feature","id":2638047481,"geometry":{"type":"Point","coordinates":[11.40103,47.64255]},"properties":{"id":2638047481,"name":"Bergelskopf","ele":1413,"country":"DE","wikidata":"Q31558151"}},
    {"type":"Feature","id":2526645259,"geometry":{"type":"Point","coordinates":[11.22006,47.57317]},"properties":{"id":2526645259,"name":"Elferköpfl","ele":1412,"country":"DE","wikidata":"Q21996594"}},
    {"type":"Feature","id":889074206,"geometry":{"type":"Point","coordinates":[12.04642,47.69648]},"properties":{"id":889074206,"name":"Jackelberg","ele":1412,"country":"DE","wikidata":"Q96739249","wikipedia":"de:Jackelberg (Berg)"}},
    {"type":"Feature","id":1768187583,"geometry":{"type":"Point","coordinates":[12.01765,47.57308]},"properties":{"id":1768187583,"name":"Larchberg","ele":1412,"country":"AT","wikidata":"Q21868885"}},
    {"type":"Feature","id":2859707902,"geometry":{"type":"Point","coordinates":[12.24424,47.57405]},"properties":{"id":2859707902,"name":"Brandkogel","ele":1411,"country":"AT","wikidata":"Q21873619"}},
    {"type":"Feature","id":4209518332,"geometry":{"type":"Point","coordinates":[11.32072,47.27798]},"properties":{"id":4209518332,"name":"Hechenbergl","ele":1411,"country":"AT"}},
    {"type":"Feature","id":1978075738,"geometry":{"type":"Point","coordinates":[11.10206,47.59312]},"properties":{"id":1978075738,"name":"Laberköpfl","ele":1411,"country":"DE"}},
    {"type":"Feature","id":2877744693,"geometry":{"type":"Point","coordinates":[11.99669,47.72054]},"properties":{"id":2877744693,"name":"Rührkübel","ele":1410,"country":"DE"}},
    {"type":"Feature","id":1987119872,"geometry":{"type":"Point","coordinates":[12.07696,47.55523]},"properties":{"id":1987119872,"name":"Jochkopf","ele":1409,"country":"AT"}},
    {"type":"Feature","id":1743681822,"geometry":{"type":"Point","coordinates":[11.65355,47.67918]},"properties":{"id":1743681822,"name":"Neuhütteneck","ele":1408,"country":"DE","wikidata":"Q100279028","wikipedia":"de:Neuhütteneck"}},
    {"type":"Feature","id":702874232,"geometry":{"type":"Point","coordinates":[11.05482,47.58279]},"properties":{"id":702874232,"name":"Vorderer Rappenkopf","ele":1408,"country":"DE","wikidata":"Q31516218"}},
    {"type":"Feature","id":1431131342,"geometry":{"type":"Point","coordinates":[11.41328,47.54023]},"properties":{"id":1431131342,"name":"Brünsteck","ele":1407,"country":"DE"}},
    {"type":"Feature","id":1410070710,"geometry":{"type":"Point","coordinates":[11.40185,47.64698]},"properties":{"id":1410070710,"name":"Feuereck","ele":1407,"country":"DE","wikidata":"Q31558214"}},
    {"type":"Feature","id":1279756168,"geometry":{"type":"Point","coordinates":[11.69416,47.62896]},"properties":{"id":1279756168,"name":"Friedbergkopf","ele":1406,"country":"DE"}},
    {"type":"Feature","id":4104402984,"geometry":{"type":"Point","coordinates":[11.27273,47.58901]},"properties":{"id":4104402984,"name":"Grießberg","ele":1406,"country":"DE"}},
    {"type":"Feature","id":1279783255,"geometry":{"type":"Point","coordinates":[11.62691,47.57148]},"properties":{"id":1279783255,"name":"Halslkopf","ele":1406,"country":"AT","wikidata":"Q21876491"}},
    {"type":"Feature","id":4216007149,"geometry":{"type":"Point","coordinates":[11.45298,47.62741]},"properties":{"id":4216007149,"name":"Labelsberg","ele":1406,"country":"DE","wikidata":"Q31532695"}},
    {"type":"Feature","id":1475001531,"geometry":{"type":"Point","coordinates":[11.8647,47.51222]},"properties":{"id":1475001531,"name":"Dristenkopf","ele":1405,"country":"AT"}},
    {"type":"Feature","id":9271247941,"geometry":{"type":"Point","coordinates":[11.41625,47.6262]},"properties":{"id":9271247941,"name":"Bärenhaupt","ele":1404,"country":"DE","wikidata":"Q31552858"}},
    {"type":"Feature","id":702874221,"geometry":{"type":"Point","coordinates":[11.04882,47.58416]},"properties":{"id":702874221,"name":"Hinterer Rappenkopf","ele":1404,"country":"DE","wikidata":"Q31540684"}},
    {"type":"Feature","id":773310205,"geometry":{"type":"Point","coordinates":[11.05489,47.64443]},"properties":{"id":773310205,"name":"Zeitberg","ele":1404,"country":"DE"}},
    {"type":"Feature","id":1279756154,"geometry":{"type":"Point","coordinates":[11.61006,47.61385]},"properties":{"id":1279756154,"name":"Rosskopf","ele":1403,"country":"DE"}},
    {"type":"Feature","id":1913687238,"geometry":{"type":"Point","coordinates":[11.99432,47.57617]},"properties":{"id":1913687238,"name":"Veitsberggrant","ele":1403,"country":"AT"}},
    {"type":"Feature","id":3135793934,"geometry":{"type":"Point","coordinates":[11.24349,47.61082]},"properties":{"id":3135793934,"name":"Wank","ele":1403,"country":"DE"}},
    {"type":"Feature","id":3233329554,"geometry":{"type":"Point","coordinates":[11.71832,47.59816]},"properties":{"id":3233329554,"name":"Graseckwand","ele":1400,"country":"DE","wikidata":"Q124418260"}},
    {"type":"Feature","id":4980567984,"geometry":{"type":"Point","coordinates":[12.08757,47.60996]},"properties":{"id":4980567984,"name":"Reinhardsberg","ele":1400,"country":"DE"}},
    {"type":"Feature","id":3230098750,"geometry":{"type":"Point","coordinates":[12.06433,47.62859]},"properties":{"id":3230098750,"name":"Wirtshöhe","ele":1400,"country":"DE"}},
    {"type":"Feature","id":1704155750,"geometry":{"type":"Point","coordinates":[12.18852,47.72306]},"properties":{"id":1704155750,"name":"Kitzstein","ele":1399,"country":"DE"}},
    {"type":"Feature","id":1280509706,"geometry":{"type":"Point","coordinates":[11.58744,47.57032]},"properties":{"id":1280509706,"name":"Hühnerberg","ele":1397,"country":"DE","wikidata":"Q21868108"}},
    {"type":"Feature","id":1406931812,"geometry":{"type":"Point","coordinates":[12.29176,47.75412]},"properties":{"id":1406931812,"name":"Jagerwand","ele":1396,"country":"DE"}},
    {"type":"Feature","id":2616497949,"geometry":{"type":"Point","coordinates":[11.72315,47.63251]},"properties":{"id":2616497949,"name":"Grüneck","ele":1395,"country":"DE","wikidata":"Q42306274","wikipedia":"de:Grüneck (Tegernseer Berge)"}},
    {"type":"Feature","id":384846582,"geometry":{"type":"Point","coordinates":[11.28492,47.63104]},"properties":{"id":384846582,"name":"Rötelstein","ele":1395,"country":"DE","wikidata":"Q15059629"}},
    {"type":"Feature","id":6423595939,"geometry":{"type":"Point","coordinates":[11.12616,47.59525]},"properties":{"id":6423595939,"name":"Schoberwaldkreuz","ele":1393,"country":"DE"}},
    {"type":"Feature","id":61080195,"geometry":{"type":"Point","coordinates":[11.22863,47.45136]},"properties":{"id":61080195,"name":"Hoher Kranzberg","ele":1391,"country":"DE","wikidata":"Q177064"}},
    {"type":"Feature","id":4104489597,"geometry":{"type":"Point","coordinates":[11.07366,47.64509]},"properties":{"id":4104489597,"name":"Elmauberg","ele":1390,"country":"DE","wikidata":"Q31548126"}},
    {"type":"Feature","id":3229978767,"geometry":{"type":"Point","coordinates":[11.84467,47.67955]},"properties":{"id":3229978767,"name":"Eckspitz","ele":1386,"country":"DE"}},
    {"type":"Feature","id":719208574,"geometry":{"type":"Point","coordinates":[12.23789,47.60714]},"properties":{"id":719208574,"name":"Heimköpfl","ele":1386,"country":"AT"}},
    {"type":"Feature","id":715725575,"geometry":{"type":"Point","coordinates":[11.00228,47.4926]},"properties":{"id":715725575,"name":"Jakelberger Köpfel","ele":1385,"country":"DE"}},
    {"type":"Feature","id":702918160,"geometry":{"type":"Point","coordinates":[11.02717,47.5964]},"properties":{"id":702918160,"name":"Steckenberg","ele":1385,"country":"DE","wikidata":"Q31519478"}},
    {"type":"Feature","id":4104477136,"geometry":{"type":"Point","coordinates":[11.2816,47.62527]},"properties":{"id":4104477136,"name":"Alpenkopf","ele":1384,"country":"DE","wikidata":"Q31557936"}},
    {"type":"Feature","id":3050860035,"geometry":{"type":"Point","coordinates":[11.94774,47.6721]},"properties":{"id":3050860035,"name":"Heuberg","ele":1384,"country":"DE","wikidata":"Q31541119"}},
    {"type":"Feature","id":10300162543,"geometry":{"type":"Point","coordinates":[11.67216,47.69389]},"properties":{"id":10300162543,"name":"Sattelkopf","ele":1384,"country":"DE","wikidata":"Q25392929","wikipedia":"de:Sattelkopf (Tegernseer Berge)"}},
    {"type":"Feature","id":1280509714,"geometry":{"type":"Point","coordinates":[11.60191,47.53179]},"properties":{"id":1280509714,"name":"Raberskopf","ele":1383,"country":"AT","wikidata":"Q21876536"}},
    {"type":"Feature","id":4647797222,"geometry":{"type":"Point","coordinates":[11.67559,47.70129]},"properties":{"id":4647797222,"name":"Huder","ele":1382,"country":"DE","wikidata":"Q19963321","wikipedia":"de:Huder (Berg)"}},
    {"type":"Feature","id":441391243,"geometry":{"type":"Point","coordinates":[11.6682,47.64595]},"properties":{"id":441391243,"name":"Schwarzeck","ele":1382,"country":"DE"}},
    {"type":"Feature","id":413595204,"geometry":{"type":"Point","coordinates":[11.26316,47.21916]},"properties":{"id":413595204,"name":"Pafnitzberg","ele":1380,"country":"AT"}},
    {"type":"Feature","id":6408673717,"geometry":{"type":"Point","coordinates":[11.431,47.30663]},"properties":{"id":6408673717,"name":"Rumer Nadel","ele":1380,"country":"AT","wikidata":"Q76460053","wikipedia":"de:Rumer Nadel"}},
    {"type":"Feature","id":401538790,"geometry":{"type":"Point","coordinates":[11.0905,47.54413]},"properties":{"id":401538790,"name":"Schafkopf","ele":1380,"country":"DE","wikidata":"Q31523659"}},
    {"type":"Feature","id":4104489596,"geometry":{"type":"Point","coordinates":[11.0799,47.64603]},"properties":{"id":4104489596,"name":"Aschlerberg","ele":1378,"country":"DE","wikidata":"Q31553348"}},
    {"type":"Feature","id":9188195511,"geometry":{"type":"Point","coordinates":[11.15898,47.35768]},"properties":{"id":9188195511,"name":"Katzenkopf","ele":1378,"country":null}},
    {"type":"Feature","id":1280475388,"geometry":{"type":"Point","coordinates":[11.53997,47.60072]},"properties":{"id":1280475388,"name":"Hoher Zwiesler","ele":1376,"country":"DE","wikidata":"Q15115084","wikipedia":"de:Hoher Zwiesler"}},
    {"type":"Feature","id":3398222325,"geometry":{"type":"Point","coordinates":[11.81677,47.37831]},"properties":{"id":3398222325,"name":"Larchkopf","ele":1375,"country":"AT","wikidata":"Q20190993","wikipedia":"de:Larchkopf (Tuxer Alpen)"}},
    {"type":"Feature","id":3146471175,"geometry":{"type":"Point","coordinates":[11.43046,47.65731]},"properties":{"id":3146471175,"name":"Gemskopf","ele":1372,"country":"DE","wikidata":"Q31558294"}},
    {"type":"Feature","id":3253369961,"geometry":{"type":"Point","coordinates":[11.00567,47.60687]},"properties":{"id":3253369961,"name":"Schartenköpfl","ele":1372,"country":"DE"}},
    {"type":"Feature","id":3233329549,"geometry":{"type":"Point","coordinates":[11.69412,47.66857]},"properties":{"id":3233329549,"name":"Bettsteineck","ele":1370,"country":"DE"}},
    {"type":"Feature","id":440940579,"geometry":{"type":"Point","coordinates":[11.6647,47.71463]},"properties":{"id":440940579,"name":"Luckenkopf","ele":1370,"country":"DE","wikidata":"Q22692887","wikipedia":"de:Luckenkopf"}},
    {"type":"Feature","id":1978116115,"geometry":{"type":"Point","coordinates":[11.12823,47.58818]},"properties":{"id":1978116115,"name":"Schartenkopf","ele":1370,"country":"DE"}},
    {"type":"Feature","id":714142246,"geometry":{"type":"Point","coordinates":[11.21629,47.50403]},"properties":{"id":714142246,"name":"Bletschertalkopf","ele":1369,"country":"DE","wikidata":"Q31552130"}},
    {"type":"Feature","id":48783748,"geometry":{"type":"Point","coordinates":[12.18354,47.70052]},"properties":{"id":48783748,"name":"Kranzhorn","ele":1368,"country":"DE","wikidata":"Q1439810","wikipedia":"de:Kranzhorn"}},
    {"type":"Feature","id":4894244948,"geometry":{"type":"Point","coordinates":[11.21502,47.60312]},"properties":{"id":4894244948,"name":"Osterfeuerspitze","ele":1368,"country":"DE"}},
    {"type":"Feature","id":1279802994,"geometry":{"type":"Point","coordinates":[11.47405,47.57931]},"properties":{"id":1279802994,"name":"Hirschhörnl","ele":1367,"country":"DE"}},
    {"type":"Feature","id":2329389978,"geometry":{"type":"Point","coordinates":[11.50627,47.32052]},"properties":{"id":2329389978,"name":"Lärchberg","ele":1367,"country":"AT"}},
    {"type":"Feature","id":1279802978,"geometry":{"type":"Point","coordinates":[11.45807,47.57146]},"properties":{"id":1279802978,"name":"Spitzberg","ele":1366,"country":"DE","wikidata":"Q31520046"}},
    {"type":"Feature","id":702271044,"geometry":{"type":"Point","coordinates":[11.12495,47.6073]},"properties":{"id":702271044,"name":"Schwaiger Berg","ele":1365,"country":"DE","wikidata":"Q31521676"}},
    {"type":"Feature","id":1279771735,"geometry":{"type":"Point","coordinates":[11.6512,47.62257]},"properties":{"id":1279771735,"name":"Saurüsselkopf","ele":1364,"country":"DE","wikidata":"Q30539486","wikipedia":"de:Saurüsselkopf (Tegernseer Berge)"}},
    {"type":"Feature","id":1279333647,"geometry":{"type":"Point","coordinates":[11.62685,47.68506]},"properties":{"id":1279333647,"name":"Schwarzwand","ele":1364,"country":"DE","wikidata":"Q21865673","wikipedia":"de:Schwarzwand"}},
    {"type":"Feature","id":6202988600,"geometry":{"type":"Point","coordinates":[11.53462,47.65854]},"properties":{"id":6202988600,"name":"Kotiger Stein","ele":1363,"country":"DE"}},
    {"type":"Feature","id":1473028848,"geometry":{"type":"Point","coordinates":[11.93627,47.56176]},"properties":{"id":1473028848,"name":"Latschenköpfl","ele":1363,"country":"AT"}},
    {"type":"Feature","id":1476474325,"geometry":{"type":"Point","coordinates":[11.72332,47.5717]},"properties":{"id":1476474325,"name":"Mahmooskopf","ele":1363,"country":"AT","wikidata":"Q21876503"}},
    {"type":"Feature","id":1913686966,"geometry":{"type":"Point","coordinates":[12.03788,47.61745]},"properties":{"id":1913686966,"name":"Nesselberg","ele":1363,"country":"AT","wikidata":"Q21873217"}},
    {"type":"Feature","id":311143265,"geometry":{"type":"Point","coordinates":[12.185,47.72759]},"properties":{"id":311143265,"name":"Wasserwand","ele":1363,"country":"DE"}},
    {"type":"Feature","id":1406932400,"geometry":{"type":"Point","coordinates":[12.29413,47.7559]},"properties":{"id":1406932400,"name":"Zellerhorn","ele":1360,"country":"DE"}},
    {"type":"Feature","id":3135780329,"geometry":{"type":"Point","coordinates":[11.34257,47.52386]},"properties":{"id":3135780329,"name":"Markkopf","ele":1357,"country":"DE"}},
    {"type":"Feature","id":2254824403,"geometry":{"type":"Point","coordinates":[12.03725,47.44911]},"properties":{"id":2254824403,"name":"Bemberger Joch","ele":1355,"country":"AT"}},
    {"type":"Feature","id":3023115499,"geometry":{"type":"Point","coordinates":[12.06899,47.69157]},"properties":{"id":3023115499,"name":"Dümpfel","ele":1354,"country":"DE","wikidata":"Q31549079"}},
    {"type":"Feature","id":3233329556,"geometry":{"type":"Point","coordinates":[11.71552,47.64934]},"properties":{"id":3233329556,"name":"Halseck","ele":1354,"country":"DE","wikidata":"Q31542506"}},
    {"type":"Feature","id":442710826,"geometry":{"type":"Point","coordinates":[11.59567,47.60134]},"properties":{"id":442710826,"name":"Geißkopf","ele":1352,"country":"DE","wikidata":"Q31545762"}},
    {"type":"Feature","id":294642494,"geometry":{"type":"Point","coordinates":[11.77353,47.60779]},"properties":{"id":294642494,"name":"Weissenbachkopf","ele":1352,"country":"DE"}},
    {"type":"Feature","id":4104402983,"geometry":{"type":"Point","coordinates":[11.28647,47.58513]},"properties":{"id":4104402983,"name":"Grießberg","ele":1351,"country":"DE"}},
    {"type":"Feature","id":1679600826,"geometry":{"type":"Point","coordinates":[11.97765,47.71877]},"properties":{"id":1679600826,"name":"Breitensteinfensterl","ele":1350,"country":"DE"}},
    {"type":"Feature","id":1254353608,"geometry":{"type":"Point","coordinates":[11.51809,47.65444]},"properties":{"id":1254353608,"name":"Katzenkopf","ele":1350,"country":"DE","wikidata":"Q107710642","wikipedia":"de:Katzenkopf (Benediktenwand)"}},
    {"type":"Feature","id":3633598457,"geometry":{"type":"Point","coordinates":[11.53811,47.66698]},"properties":{"id":3633598457,"name":"Koteck","ele":1350,"country":"DE"}},
    {"type":"Feature","id":1740669874,"geometry":{"type":"Point","coordinates":[12.28853,47.7572]},"properties":{"id":1740669874,"name":"Laubenstein","ele":1350,"country":"DE","wikidata":"Q31559029"}},
    {"type":"Feature","id":705251750,"geometry":{"type":"Point","coordinates":[11.2053,47.57176]},"properties":{"id":705251750,"name":"Kreuzturm","ele":1349,"country":"DE","wikidata":"Q31556891"}},
    {"type":"Feature","id":1431131525,"geometry":{"type":"Point","coordinates":[11.42016,47.56289]},"properties":{"id":1431131525,"name":"Rißer Hochkopf","ele":1348,"country":"DE","wikidata":"Q31525655"}},
    {"type":"Feature","id":3230098749,"geometry":{"type":"Point","coordinates":[11.99584,47.64552]},"properties":{"id":3230098749,"name":"Sillberg","ele":1348,"country":"DE","wikidata":"Q31520759"}},
    {"type":"Feature","id":261020752,"geometry":{"type":"Point","coordinates":[11.48845,47.72357]},"properties":{"id":261020752,"name":"Zwiesel","ele":1348,"country":"DE","wikidata":"Q14850767","wikipedia":"de:Zwiesel (Kocheler Berge)"}},
    {"type":"Feature","id":442345031,"geometry":{"type":"Point","coordinates":[11.63326,47.61802]},"properties":{"id":442345031,"name":"Breitenkopf","ele":1347,"country":"DE","wikidata":"Q31551357"}},
    {"type":"Feature","id":6110958452,"geometry":{"type":"Point","coordinates":[11.27331,47.27321]},"properties":{"id":6110958452,"name":"Kleiner Wandkopf","ele":1346,"country":"AT"}},
    {"type":"Feature","id":441306326,"geometry":{"type":"Point","coordinates":[11.71973,47.67501]},"properties":{"id":441306326,"name":"Kotlahnerkopf","ele":1344,"country":"DE"}},
    {"type":"Feature","id":296034076,"geometry":{"type":"Point","coordinates":[11.05953,47.58686]},"properties":{"id":296034076,"name":"Kofel","ele":1342,"country":"DE","wikidata":"Q1641755","wikipedia":"de:Kofel"}},
    {"type":"Feature","id":9228288438,"geometry":{"type":"Point","coordinates":[11.70061,47.5634]},"properties":{"id":9228288438,"name":"Hofjoch","ele":1341,"country":"AT","wikidata":"Q21876500"}},
    {"type":"Feature","id":294642490,"geometry":{"type":"Point","coordinates":[11.77216,47.61001]},"properties":{"id":294642490,"name":"Zwieselberg","ele":1341,"country":"DE","wikidata":"Q31513812"}},
    {"type":"Feature","id":9071260980,"geometry":{"type":"Point","coordinates":[12.18685,47.72319]},"properties":{"id":9071260980,"name":"Höllwand","ele":1340,"country":"DE"}},
    {"type":"Feature","id":1254353521,"geometry":{"type":"Point","coordinates":[11.53082,47.66997]},"properties":{"id":1254353521,"name":"Kogel","ele":1340,"country":"DE","wikidata":"Q96000709","wikipedia":"de:Kogel (Kocheler Berge)"}},
    {"type":"Feature","id":10300162542,"geometry":{"type":"Point","coordinates":[11.66612,47.70189]},"properties":{"id":10300162542,"name":"Spitzeck","ele":1339,"country":"DE"}},
    {"type":"Feature","id":48783390,"geometry":{"type":"Point","coordinates":[12.18434,47.7261]},"properties":{"id":48783390,"name":"Heuberg","ele":1338,"country":"DE","wikidata":"Q1616384","wikipedia":"de:Heuberg (Chiemgauer Alpen)"}},
    {"type":"Feature","id":701066939,"geometry":{"type":"Point","coordinates":[12.10368,47.70257]},"properties":{"id":701066939,"name":"Rehleitenkopf","ele":1338,"country":"DE","wikidata":"Q31526565","wikipedia":"de:Rehleitenkopf"}},
    {"type":"Feature","id":48783878,"geometry":{"type":"Point","coordinates":[12.10688,47.70847]},"properties":{"id":48783878,"name":"Großer Riesenkopf","ele":1337,"country":"DE","wikidata":"Q1548935","wikipedia":"de:Großer Riesenkopf"}},
    {"type":"Feature","id":672931871,"geometry":{"type":"Point","coordinates":[11.21456,47.60232]},"properties":{"id":672931871,"name":"Osterfeuerköpfl","ele":1336,"country":"DE"}},
    {"type":"Feature","id":419809716,"geometry":{"type":"Point","coordinates":[11.86016,47.40062]},"properties":{"id":419809716,"name":"Reither Kogel","ele":1336,"country":"AT","wikidata":"Q122389623"}},
    {"type":"Feature","id":4369817141,"geometry":{"type":"Point","coordinates":[11.79569,47.72362]},"properties":{"id":4369817141,"name":"Gindelalmschneid","ele":1335,"country":"DE","wikidata":"Q1524911","wikipedia":"de:Gindelalmschneid"}},
    {"type":"Feature","id":1472019094,"geometry":{"type":"Point","coordinates":[11.90754,47.64469]},"properties":{"id":1472019094,"name":"Gleiselstein","ele":1332,"country":"DE"}},
    {"type":"Feature","id":3230066907,"geometry":{"type":"Point","coordinates":[11.92586,47.63039]},"properties":{"id":3230066907,"name":"Pfannkobel","ele":1330,"country":"DE","wikidata":"Q31528115"}},
    {"type":"Feature","id":281499400,"geometry":{"type":"Point","coordinates":[11.62475,47.7223]},"properties":{"id":281499400,"name":"Rechelkopf","ele":1330,"country":"DE","wikidata":"Q2135213","wikipedia":"de:Rechelkopf"}},
    {"type":"Feature","id":1427134777,"geometry":{"type":"Point","coordinates":[11.6358,47.67653]},"properties":{"id":1427134777,"name":"Schlagkopf","ele":1330,"country":"DE","wikidata":"Q31522896"}},
    {"type":"Feature","id":2398130163,"geometry":{"type":"Point","coordinates":[11.35713,47.55424]},"properties":{"id":2398130163,"name":"Altlacher Hochkopf","ele":1328,"country":"DE","wikidata":"Q15106464"}},
    {"type":"Feature","id":1277957419,"geometry":{"type":"Point","coordinates":[12.10222,47.64208]},"properties":{"id":1277957419,"name":"Großer Brünnberg","ele":1328,"country":"DE","wikidata":"Q31544382"}},
    {"type":"Feature","id":1574152592,"geometry":{"type":"Point","coordinates":[11.84857,47.70179]},"properties":{"id":1574152592,"name":"Westerberg","ele":1328,"country":"DE"}},
    {"type":"Feature","id":1254353383,"geometry":{"type":"Point","coordinates":[11.51204,47.66777]},"properties":{"id":1254353383,"name":"Längentalkopf","ele":1326,"country":"DE"}},
    {"type":"Feature","id":3233329690,"geometry":{"type":"Point","coordinates":[11.76323,47.60855]},"properties":{"id":3233329690,"name":"Wenigberg","ele":1326,"country":"DE","wikidata":"Q31515230"}},
    {"type":"Feature","id":1257931849,"geometry":{"type":"Point","coordinates":[12.21344,47.70879]},"properties":{"id":1257931849,"name":"Pastaukopf","ele":1325,"country":"AT"}},
    {"type":"Feature","id":440940577,"geometry":{"type":"Point","coordinates":[11.6744,47.71903]},"properties":{"id":440940577,"name":"Kogelkopf","ele":1324,"country":"DE","wikidata":"Q19843401","wikipedia":"de:Kogelkopf"}},
    {"type":"Feature","id":4011728798,"geometry":{"type":"Point","coordinates":[12.06338,47.70091]},"properties":{"id":4011728798,"name":"Schortenkopf","ele":1322,"country":"DE","wikidata":"Q31521871","wikipedia":"de:Schortenkopf"}},
    {"type":"Feature","id":389806118,"geometry":{"type":"Point","coordinates":[11.48161,47.72466]},"properties":{"id":389806118,"name":"Stallauer Kopf","ele":1322,"country":"DE","wikidata":"Q31519722"}},
    {"type":"Feature","id":442710824,"geometry":{"type":"Point","coordinates":[11.61099,47.60109]},"properties":{"id":442710824,"name":"Brunstlahnerkopf","ele":1321,"country":"DE","wikidata":"Q31550815"}},
    {"type":"Feature","id":1279802977,"geometry":{"type":"Point","coordinates":[11.49073,47.63346]},"properties":{"id":1279802977,"name":"Hahnberg","ele":1321,"country":"DE","wikidata":"Q31542838"}},
    {"type":"Feature","id":3230066914,"geometry":{"type":"Point","coordinates":[11.91089,47.61831]},"properties":{"id":3230066914,"name":"Tuschberg","ele":1320,"country":"DE","wikidata":"Q31516920"}},
    {"type":"Feature","id":389027775,"geometry":{"type":"Point","coordinates":[11.99168,47.7276]},"properties":{"id":389027775,"name":"Eibelkopf","ele":1317,"country":"DE","wikidata":"Q31558962"}},
    {"type":"Feature","id":3233329684,"geometry":{"type":"Point","coordinates":[12.03143,47.61478]},"properties":{"id":3233329684,"name":"Rabenstein","ele":1317,"country":"DE"}},
    {"type":"Feature","id":714142232,"geometry":{"type":"Point","coordinates":[11.22218,47.50946]},"properties":{"id":714142232,"name":"Rindberg","ele":1316,"country":"DE","wikidata":"Q31525892"}},
    {"type":"Feature","id":357274338,"geometry":{"type":"Point","coordinates":[11.79774,47.70098]},"properties":{"id":357274338,"name":"Rohrkopf","ele":1316,"country":"DE"}},
    {"type":"Feature","id":2123571350,"geometry":{"type":"Point","coordinates":[12.0683,47.68801]},"properties":{"id":2123571350,"name":"Schreckenkopf","ele":1316,"country":"DE","wikidata":"Q31521785"}},
    {"type":"Feature","id":911835841,"geometry":{"type":"Point","coordinates":[11.26378,47.62401]},"properties":{"id":911835841,"name":"Großer Illing","ele":1313,"country":"DE","wikidata":"Q31544070"}},
    {"type":"Feature","id":1979661516,"geometry":{"type":"Point","coordinates":[12.00982,47.44811]},"properties":{"id":1979661516,"name":"Schönberger Joch (Bracher Joch)","ele":1313,"country":"AT"}},
    {"type":"Feature","id":1768503858,"geometry":{"type":"Point","coordinates":[12.20742,47.55884]},"properties":{"id":1768503858,"name":"Duregg","ele":1312,"country":"AT"}},
    {"type":"Feature","id":1431131378,"geometry":{"type":"Point","coordinates":[11.40032,47.56355]},"properties":{"id":1431131378,"name":"Mitterberg","ele":1311,"country":"DE","wikidata":"Q31556759"}},
    {"type":"Feature","id":2255069322,"geometry":{"type":"Point","coordinates":[11.98939,47.42715]},"properties":{"id":2255069322,"name":"Thierbacher Kogel","ele":1310,"country":"AT"}},
    {"type":"Feature","id":705155390,"geometry":{"type":"Point","coordinates":[11.54274,47.66585]},"properties":{"id":705155390,"name":"Waxenstein","ele":1310,"country":"DE","wikidata":"Q31558507"}},
    {"type":"Feature","id":1180862245,"geometry":{"type":"Point","coordinates":[11.62441,47.68841]},"properties":{"id":1180862245,"name":"Schwarzbergel","ele":1307,"country":"DE","wikidata":"Q116983817","wikipedia":"de:Schwarzbergel"}},
    {"type":"Feature","id":2512170505,"geometry":{"type":"Point","coordinates":[11.16899,47.47432]},"properties":{"id":2512170505,"name":"Wamberg","ele":1307,"country":"DE"}},
    {"type":"Feature","id":1979711369,"geometry":{"type":"Point","coordinates":[11.84589,47.55315]},"properties":{"id":1979711369,"name":"Kreuzegg","ele":1306,"country":"AT"}},
    {"type":"Feature","id":703354390,"geometry":{"type":"Point","coordinates":[11.11735,47.57161]},"properties":{"id":703354390,"name":"Mühlberg","ele":1305,"country":"DE","wikidata":"Q31530111"}},
    {"type":"Feature","id":1978075939,"geometry":{"type":"Point","coordinates":[11.26335,47.53516]},"properties":{"id":1978075939,"name":"Schafkopf","ele":1305,"country":"DE","wikidata":"Q22030610"}},
    {"type":"Feature","id":592647156,"geometry":{"type":"Point","coordinates":[11.69242,47.65075]},"properties":{"id":592647156,"name":"Silbereck","ele":1305,"country":"DE"}},
    {"type":"Feature","id":1473037147,"geometry":{"type":"Point","coordinates":[11.91492,47.52692]},"properties":{"id":1473037147,"name":"Prinzkopf","ele":1304,"country":"AT"}},
    {"type":"Feature","id":3233329555,"geometry":{"type":"Point","coordinates":[11.74792,47.59644]},"properties":{"id":3233329555,"name":"Großer Berg","ele":1303,"country":"DE"}},
    {"type":"Feature","id":1279783252,"geometry":{"type":"Point","coordinates":[11.64925,47.59032]},"properties":{"id":1279783252,"name":"Ameiskopf","ele":1302,"country":"AT"}},
    {"type":"Feature","id":8260264195,"geometry":{"type":"Point","coordinates":[11.77328,47.3549]},"properties":{"id":8260264195,"name":"Blutskopf","ele":1301,"country":"AT"}},
    {"type":"Feature","id":1920019097,"geometry":{"type":"Point","coordinates":[11.89761,47.68827]},"properties":{"id":1920019097,"name":"Hachelspitz","ele":1300,"country":"DE"}},
    {"type":"Feature","id":2360314373,"geometry":{"type":"Point","coordinates":[11.41452,47.65861]},"properties":{"id":2360314373,"name":"Lusenköpfel","ele":1299,"country":"DE","wikidata":"Q31558310"}},
    {"type":"Feature","id":1913793049,"geometry":{"type":"Point","coordinates":[12.10842,47.60954]},"properties":{"id":1913793049,"name":"Ofensteinwand","ele":1298,"country":"AT"}},
    {"type":"Feature","id":3230066903,"geometry":{"type":"Point","coordinates":[11.87933,47.61129]},"properties":{"id":3230066903,"name":"Brennereck","ele":1296,"country":"DE"}},
    {"type":"Feature","id":1421180639,"geometry":{"type":"Point","coordinates":[11.43831,47.56785]},"properties":{"id":1421180639,"name":"Schürpfeneckberg","ele":1296,"country":"DE","wikidata":"Q31521716"}},
    {"type":"Feature","id":7500516973,"geometry":{"type":"Point","coordinates":[11.50326,47.57704]},"properties":{"id":7500516973,"name":"Niederskopf","ele":1293,"country":"DE","wikidata":"Q31529506"}},
    {"type":"Feature","id":441306332,"geometry":{"type":"Point","coordinates":[11.73302,47.6829]},"properties":{"id":441306332,"name":"Ringspitz","ele":1293,"country":"DE","wikidata":"Q26882765","wikipedia":"de:Ringspitz"}},
    {"type":"Feature","id":288141952,"geometry":{"type":"Point","coordinates":[12.06996,47.54999]},"properties":{"id":288141952,"name":"Feuerköpfl","ele":1291,"country":"AT","wikidata":"Q17048446","wikipedia":"de:Feuerköpfl"}},
    {"type":"Feature","id":3668094046,"geometry":{"type":"Point","coordinates":[11.76464,47.5354]},"properties":{"id":3668094046,"name":"Grünkopf","ele":1291,"country":"AT","wikidata":"Q21876524"}},
    {"type":"Feature","id":4104477134,"geometry":{"type":"Point","coordinates":[11.10999,47.62677]},"properties":{"id":4104477134,"name":"Hechendorfer Berg","ele":1291,"country":"DE"}},
    {"type":"Feature","id":9892741718,"geometry":{"type":"Point","coordinates":[11.66383,47.71005]},"properties":{"id":9892741718,"name":"Brauneck","ele":1290,"country":"DE"}},
    {"type":"Feature","id":3191281746,"geometry":{"type":"Point","coordinates":[11.35797,47.61839]},"properties":{"id":3191281746,"name":"Desselkopf","ele":1290,"country":"DE","wikidata":"Q115787218","wikipedia":"de:Desselkopf"}},
    {"type":"Feature","id":3146487648,"geometry":{"type":"Point","coordinates":[11.4394,47.65634]},"properties":{"id":3146487648,"name":"Bauernwurf","ele":1287,"country":"DE"}},
    {"type":"Feature","id":513803888,"geometry":{"type":"Point","coordinates":[12.06877,47.45892]},"properties":{"id":513803888,"name":"Sonnberger Jöchl","ele":1285,"country":"AT"}},
    {"type":"Feature","id":1473049649,"geometry":{"type":"Point","coordinates":[11.90093,47.54141]},"properties":{"id":1473049649,"name":"Hirschlack","ele":1284,"country":"AT"}},
    {"type":"Feature","id":3230098742,"geometry":{"type":"Point","coordinates":[11.98771,47.63597]},"properties":{"id":3230098742,"name":"Hausberg","ele":1283,"country":"DE","wikidata":"Q31542068"}},
    {"type":"Feature","id":3229950338,"geometry":{"type":"Point","coordinates":[12.02436,47.68771]},"properties":{"id":3229950338,"name":"Mitterberg","ele":1283,"country":"DE","wikidata":"Q31530614"}},
    {"type":"Feature","id":4307568901,"geometry":{"type":"Point","coordinates":[11.73387,47.40961]},"properties":{"id":4307568901,"name":"Schwarzegg","ele":1283,"country":"AT"}},
    {"type":"Feature","id":1475000990,"geometry":{"type":"Point","coordinates":[11.87687,47.51814]},"properties":{"id":1475000990,"name":"Aschauhörndl","ele":1282,"country":"AT"}},
    {"type":"Feature","id":2616499852,"geometry":{"type":"Point","coordinates":[11.73732,47.60596]},"properties":{"id":2616499852,"name":"Rasserringkopf","ele":1281,"country":"DE"}},
    {"type":"Feature","id":1272500634,"geometry":{"type":"Point","coordinates":[11.63699,47.7215]},"properties":{"id":1272500634,"name":"Mitterberg","ele":1280,"country":"DE","wikidata":"Q31530597"}},
    {"type":"Feature","id":3743479381,"geometry":{"type":"Point","coordinates":[11.86622,47.69406]},"properties":{"id":3743479381,"name":"Schlierseespitz","ele":1279,"country":"DE"}},
    {"type":"Feature","id":401706780,"geometry":{"type":"Point","coordinates":[11.62091,47.72953]},"properties":{"id":401706780,"name":"Sulzkopf","ele":1279,"country":"DE","wikidata":"Q16857355","wikipedia":"de:Sulzkopf"}},
    {"type":"Feature","id":440940585,"geometry":{"type":"Point","coordinates":[11.6497,47.71558]},"properties":{"id":440940585,"name":"Gronetseck","ele":1278,"country":"DE","wikidata":"Q26271340","wikipedia":"de:Gronetseck"}},
    {"type":"Feature","id":1406919071,"geometry":{"type":"Point","coordinates":[12.29498,47.75991]},"properties":{"id":1406919071,"name":"Hammerstein","ele":1278,"country":"DE","wikidata":"Q31559045"}},
    {"type":"Feature","id":441306317,"geometry":{"type":"Point","coordinates":[11.70834,47.6751]},"properties":{"id":441306317,"name":"Luchseck","ele":1278,"country":"DE","wikidata":"Q31531495"}},
    {"type":"Feature","id":1274835788,"geometry":{"type":"Point","coordinates":[11.62172,47.69668]},"properties":{"id":1274835788,"name":"Schweinberg","ele":1278,"country":"DE","wikidata":"Q16856787","wikipedia":"de:Schweinberg (Lenggries)"}},
    {"type":"Feature","id":5554406426,"geometry":{"type":"Point","coordinates":[11.18992,47.29781]},"properties":{"id":5554406426,"name":"Hochleithenkopf","ele":1276,"country":"AT"}},
    {"type":"Feature","id":7619344336,"geometry":{"type":"Point","coordinates":[11.50202,47.32572]},"properties":{"id":7619344336,"name":"Eibenkopf","ele":1275,"country":"AT"}},
    {"type":"Feature","id":1280475354,"geometry":{"type":"Point","coordinates":[11.55573,47.61157]},"properties":{"id":1280475354,"name":"Mitterkopf","ele":1275,"country":"DE","wikidata":"Q31530500"}},
    {"type":"Feature","id":292392028,"geometry":{"type":"Point","coordinates":[12.03558,47.74335]},"properties":{"id":292392028,"name":"Farrenpoint","ele":1273,"country":"DE","wikidata":"Q1397113","wikipedia":"de:Farrenpoint"}},
    {"type":"Feature","id":829275975,"geometry":{"type":"Point","coordinates":[12.21218,47.57816]},"properties":{"id":829275975,"name":"Jahnhügel","ele":1273,"country":"AT"}},
    {"type":"Feature","id":1574152589,"geometry":{"type":"Point","coordinates":[11.81136,47.71143]},"properties":{"id":1574152589,"name":"Kreuzbergköpfel","ele":1273,"country":"DE"}},
    {"type":"Feature","id":1280465448,"geometry":{"type":"Point","coordinates":[11.56236,47.61813]},"properties":{"id":1280465448,"name":"Talkopf","ele":1273,"country":"DE","wikidata":"Q31557854"}},
    {"type":"Feature","id":441372961,"geometry":{"type":"Point","coordinates":[11.68864,47.66848]},"properties":{"id":441372961,"name":"Bettstein","ele":1272,"country":"DE","wikidata":"Q115537393","wikipedia":"de:Bettstein (Tegernseer Berge)"}},
    {"type":"Feature","id":2283172843,"geometry":{"type":"Point","coordinates":[11.88918,47.71376]},"properties":{"id":2283172843,"name":"Hirschgröhrkopf","ele":1272,"country":"DE","wikidata":"Q31540383"}},
    {"type":"Feature","id":2602098946,"geometry":{"type":"Point","coordinates":[12.28768,47.68845]},"properties":{"id":2602098946,"name":"Rettenbacher Köpfl","ele":1271,"country":"AT"}},
    {"type":"Feature","id":1268492645,"geometry":{"type":"Point","coordinates":[11.9881,47.70051]},"properties":{"id":1268492645,"name":"Spitzingscheibe","ele":1270,"country":"DE","wikidata":"Q93118382"}},
    {"type":"Feature","id":748804706,"geometry":{"type":"Point","coordinates":[11.37606,47.63938]},"properties":{"id":748804706,"name":"Sonnenspitz","ele":1269,"country":"DE","wikidata":"Q109019807","wikipedia":"de:Sonnenspitz (Kochel)"}},
    {"type":"Feature","id":419804805,"geometry":{"type":"Point","coordinates":[11.61855,47.65522]},"properties":{"id":419804805,"name":"Grasleitenstein","ele":1268,"country":"DE","wikidata":"Q30667662"}},
    {"type":"Feature","id":3230066915,"geometry":{"type":"Point","coordinates":[11.85402,47.62529]},"properties":{"id":3230066915,"name":"Öderberg","ele":1267,"country":"DE","wikidata":"Q31528850"}},
    {"type":"Feature","id":3230066906,"geometry":{"type":"Point","coordinates":[11.91882,47.62923]},"properties":{"id":3230066906,"name":"Pfannberg","ele":1267,"country":"DE","wikidata":"Q31528148"}},
    {"type":"Feature","id":2638047492,"geometry":{"type":"Point","coordinates":[11.3942,47.63618]},"properties":{"id":2638047492,"name":"Kaltwasserwand","ele":1263,"country":"DE","wikidata":"Q32063789"}},
    {"type":"Feature","id":2833494983,"geometry":{"type":"Point","coordinates":[12.05986,47.70868]},"properties":{"id":2833494983,"name":"Mutterberg","ele":1262,"country":"DE","wikidata":"Q31529829"}},
    {"type":"Feature","id":5594875706,"geometry":{"type":"Point","coordinates":[11.77209,47.72846]},"properties":{"id":5594875706,"name":"Neureuth","ele":1261,"country":"DE","wikidata":"Q571058"}},
    {"type":"Feature","id":3743479379,"geometry":{"type":"Point","coordinates":[11.86657,47.69464]},"properties":{"id":3743479379,"name":"Dürnbachwand","ele":1260,"country":"DE"}},
    {"type":"Feature","id":6746577028,"geometry":{"type":"Point","coordinates":[11.48582,47.31011]},"properties":{"id":6746577028,"name":"Lippenkopf","ele":1260,"country":"AT"}},
    {"type":"Feature","id":1279771713,"geometry":{"type":"Point","coordinates":[11.57956,47.59472]},"properties":{"id":1279771713,"name":"Brandkopf","ele":1258,"country":"DE","wikidata":"Q25393050"}},
    {"type":"Feature","id":1913686954,"geometry":{"type":"Point","coordinates":[11.99017,47.56772]},"properties":{"id":1913686954,"name":"Kögerl","ele":1258,"country":"AT"}},
    {"type":"Feature","id":2597722489,"geometry":{"type":"Point","coordinates":[11.68045,47.7284]},"properties":{"id":2597722489,"name":"Nesselscheibe","ele":1258,"country":"DE","wikidata":"Q16854886","wikipedia":"de:Nesselscheibe"}},
    {"type":"Feature","id":1741371913,"geometry":{"type":"Point","coordinates":[11.88831,47.74279]},"properties":{"id":1741371913,"name":"Rohnberg (Schliersberg)","ele":1257,"country":"DE","wikidata":"Q15059837","wikipedia":"de:Schliersberg"}},
    {"type":"Feature","id":3229970780,"geometry":{"type":"Point","coordinates":[11.8105,47.73059]},"properties":{"id":3229970780,"name":"Auer Berg","ele":1252,"country":"DE","wikidata":"Q16054465"}},
    {"type":"Feature","id":1574152579,"geometry":{"type":"Point","coordinates":[11.84179,47.71096]},"properties":{"id":1574152579,"name":"Brunstkogel","ele":1251,"country":"DE","wikidata":"Q31550831"}},
    {"type":"Feature","id":413925035,"geometry":{"type":"Point","coordinates":[12.04195,47.67496]},"properties":{"id":413925035,"name":"Waldkopf","ele":1251,"country":"DE"}},
    {"type":"Feature","id":1286676588,"geometry":{"type":"Point","coordinates":[12.10598,47.6346]},"properties":{"id":1286676588,"name":"Kleiner Brünnberg","ele":1250,"country":"DE","wikidata":"Q31534727"}},
    {"type":"Feature","id":389806117,"geometry":{"type":"Point","coordinates":[11.4674,47.72247]},"properties":{"id":389806117,"name":"Angerlkopf","ele":1249,"country":"DE","wikidata":"Q31558935"}},
    {"type":"Feature","id":414607694,"geometry":{"type":"Point","coordinates":[11.4921,47.73335]},"properties":{"id":414607694,"name":"Blomberg Westgipfel","ele":1248,"country":"DE","wikidata":"Q244660","wikipedia":"de:Blomberg (Bayerische Voralpen)"}},
    {"type":"Feature","id":1254353310,"geometry":{"type":"Point","coordinates":[11.50059,47.68059]},"properties":{"id":1254353310,"name":"Kesselkopf","ele":1248,"country":"DE","wikidata":"Q31535453"}},
    {"type":"Feature","id":442561694,"geometry":{"type":"Point","coordinates":[11.70673,47.60978]},"properties":{"id":442561694,"name":"Klammberg","ele":1247,"country":"DE","wikidata":"Q31535014"}},
    {"type":"Feature","id":1531430864,"geometry":{"type":"Point","coordinates":[11.92848,47.48881]},"properties":{"id":1531430864,"name":"Zimmerer Kopf","ele":1246,"country":"AT"}},
    {"type":"Feature","id":8244940737,"geometry":{"type":"Point","coordinates":[11.49149,47.67527]},"properties":{"id":8244940737,"name":"Längenberg","ele":1244,"country":"DE"}},
    {"type":"Feature","id":1256843889,"geometry":{"type":"Point","coordinates":[11.48771,47.67911]},"properties":{"id":1256843889,"name":"Moosenbergkopf","ele":1244,"country":"DE","wikidata":"Q31530340"}},
    {"type":"Feature","id":3229978765,"geometry":{"type":"Point","coordinates":[11.83702,47.68862]},"properties":{"id":3229978765,"name":"Brunnerstein","ele":1243,"country":"DE"}},
    {"type":"Feature","id":702261001,"geometry":{"type":"Point","coordinates":[11.07718,47.61528]},"properties":{"id":702261001,"name":"Kircheck","ele":1243,"country":"DE"}},
    {"type":"Feature","id":701093144,"geometry":{"type":"Point","coordinates":[12.10062,47.70708]},"properties":{"id":701093144,"name":"Hirschnagel","ele":1241,"country":"DE"}},
    {"type":"Feature","id":1254353583,"geometry":{"type":"Point","coordinates":[11.53411,47.67546]},"properties":{"id":1254353583,"name":"Kogelberg","ele":1241,"country":"DE"}},
    {"type":"Feature","id":2939392364,"geometry":{"type":"Point","coordinates":[11.99587,47.74293]},"properties":{"id":2939392364,"name":"Sterneck","ele":1241,"country":"DE","wikidata":"Q27190515"}},
    {"type":"Feature","id":966046965,"geometry":{"type":"Point","coordinates":[12.22766,47.60451]},"properties":{"id":966046965,"name":"Zehnerkopf","ele":1241,"country":"AT"}},
    {"type":"Feature","id":2055669063,"geometry":{"type":"Point","coordinates":[11.37334,47.6363]},"properties":{"id":2055669063,"name":"Graseck","ele":1240,"country":"DE","wikidata":"Q31544890"}},
    {"type":"Feature","id":2510209204,"geometry":{"type":"Point","coordinates":[12.28634,47.69143]},"properties":{"id":2510209204,"name":"Wirtsalpkopf","ele":1240,"country":"DE","wikidata":"Q31558718"}},
    {"type":"Feature","id":497381677,"geometry":{"type":"Point","coordinates":[12.27708,47.68271]},"properties":{"id":497381677,"name":"Karspitze","ele":1239,"country":"AT"}},
    {"type":"Feature","id":2859709104,"geometry":{"type":"Point","coordinates":[12.19364,47.48549]},"properties":{"id":2859709104,"name":"Salvenmooser Kogel","ele":1238,"country":"AT"}},
    {"type":"Feature","id":1644165590,"geometry":{"type":"Point","coordinates":[11.50729,47.73354]},"properties":{"id":1644165590,"name":"Blomberg Ostgipfel","ele":1237,"country":"DE","wikidata":"Q31558978"}},
    {"type":"Feature","id":1161728265,"geometry":{"type":"Point","coordinates":[11.13398,47.46647]},"properties":{"id":1161728265,"name":"Eckbauer","ele":1237,"country":"DE","wikidata":"Q31556020","wikipedia":"de:Eckbauer_(Berg)"}},
    {"type":"Feature","id":3126444927,"geometry":{"type":"Point","coordinates":[11.37775,47.56908]},"properties":{"id":3126444927,"name":"Altlachberg","ele":1235,"country":"DE","wikidata":"Q115794798","wikipedia":"de:Altlachberg"}},
    {"type":"Feature","id":2621339808,"geometry":{"type":"Point","coordinates":[11.76545,47.61881]},"properties":{"id":2621339808,"name":"Großer Wildbrenner","ele":1234,"country":"DE"}},
    {"type":"Feature","id":1216022413,"geometry":{"type":"Point","coordinates":[12.18397,47.56314]},"properties":{"id":1216022413,"name":"Winterkopf","ele":1234,"country":"AT"}},
    {"type":"Feature","id":1473028850,"geometry":{"type":"Point","coordinates":[11.9346,47.54242]},"properties":{"id":1473028850,"name":"Schattenkopf","ele":1233,"country":"AT"}},
    {"type":"Feature","id":3146471173,"geometry":{"type":"Point","coordinates":[11.4292,47.66567]},"properties":{"id":3146471173,"name":"Schwarzenbergkopf","ele":1233,"country":"DE","wikidata":"Q31521506"}},
    {"type":"Feature","id":1987163948,"geometry":{"type":"Point","coordinates":[11.78924,47.43153]},"properties":{"id":1987163948,"name":"Burgaukopf","ele":1232,"country":"AT"}},
    {"type":"Feature","id":1280475382,"geometry":{"type":"Point","coordinates":[11.56343,47.61096]},"properties":{"id":1280475382,"name":"Anderlkopf","ele":1231,"country":"DE","wikidata":"Q31553545"}},
    {"type":"Feature","id":1792128624,"geometry":{"type":"Point","coordinates":[11.90792,47.71377]},"properties":{"id":1792128624,"name":"Auracher Köpferl","ele":1231,"country":"DE","wikidata":"Q31535780"}},
    {"type":"Feature","id":2621339810,"geometry":{"type":"Point","coordinates":[11.765,47.62098]},"properties":{"id":2621339810,"name":"Hohlenstein","ele":1230,"country":"DE","wikidata":"Q31538427"}},
    {"type":"Feature","id":2859707501,"geometry":{"type":"Point","coordinates":[12.20641,47.53452]},"properties":{"id":2859707501,"name":"Achleitner Kogel","ele":1229,"country":"AT","wikidata":"Q21873265"}},
    {"type":"Feature","id":419636761,"geometry":{"type":"Point","coordinates":[12.18088,47.73103]},"properties":{"id":419636761,"name":"Kindlwand","ele":1229,"country":"DE"}},
    {"type":"Feature","id":1279802974,"geometry":{"type":"Point","coordinates":[11.50296,47.58304]},"properties":{"id":1279802974,"name":"Falkenwand","ele":1228,"country":"DE","wikidata":"Q31547435","wikipedia":"de:Falkenwand"}},
    {"type":"Feature","id":389080562,"geometry":{"type":"Point","coordinates":[11.02376,47.60243]},"properties":{"id":389080562,"name":"Steckenbergkreuz","ele":1228,"country":"DE"}},
    {"type":"Feature","id":3230066908,"geometry":{"type":"Point","coordinates":[11.90286,47.63115]},"properties":{"id":3230066908,"name":"Pfannkopf","ele":1227,"country":"DE","wikidata":"Q31528097"}},
    {"type":"Feature","id":2512170190,"geometry":{"type":"Point","coordinates":[11.1546,47.47154]},"properties":{"id":2512170190,"name":"Brauneck","ele":1226,"country":"DE"}},
    {"type":"Feature","id":2616497953,"geometry":{"type":"Point","coordinates":[11.7269,47.6145]},"properties":{"id":2616497953,"name":"Hoher Gernberg","ele":1226,"country":"DE"}},
    {"type":"Feature","id":1256843918,"geometry":{"type":"Point","coordinates":[11.46672,47.69325]},"properties":{"id":1256843918,"name":"Buchenauer Kopf","ele":1225,"country":"DE","wikidata":"Q31550623"}},
    {"type":"Feature","id":3230066905,"geometry":{"type":"Point","coordinates":[11.88488,47.62854]},"properties":{"id":3230066905,"name":"Lämmeralpeneck","ele":1224,"country":"DE"}},
    {"type":"Feature","id":759792018,"geometry":{"type":"Point","coordinates":[12.12197,47.68976]},"properties":{"id":759792018,"name":"Mitterberg","ele":1224,"country":"DE"}},
    {"type":"Feature","id":3230066912,"geometry":{"type":"Point","coordinates":[11.86899,47.62236]},"properties":{"id":3230066912,"name":"Schlagkopf","ele":1224,"country":"DE","wikidata":"Q31522912"}},
    {"type":"Feature","id":2939392336,"geometry":{"type":"Point","coordinates":[11.99239,47.74748]},"properties":{"id":2939392336,"name":"Sternplatte","ele":1223,"country":"DE","wikidata":"Q31518614"}},
    {"type":"Feature","id":3228636293,"geometry":{"type":"Point","coordinates":[12.06979,47.67923]},"properties":{"id":3228636293,"name":"Großer Mühlberg","ele":1222,"country":"DE","wikidata":"Q31543893"}},
    {"type":"Feature","id":885262311,"geometry":{"type":"Point","coordinates":[12.1358,47.64198]},"properties":{"id":885262311,"name":"Schwarzenberg","ele":1222,"country":"DE","wikidata":"Q31521574"}},
    {"type":"Feature","id":3233329689,"geometry":{"type":"Point","coordinates":[11.915,47.69394]},"properties":{"id":3233329689,"name":"Talwand","ele":1222,"country":"DE"}},
    {"type":"Feature","id":3637196484,"geometry":{"type":"Point","coordinates":[11.76223,47.59746]},"properties":{"id":3637196484,"name":"Großer Nock","ele":1221,"country":"DE","wikidata":"Q112875959"}},
    {"type":"Feature","id":1280465454,"geometry":{"type":"Point","coordinates":[11.56837,47.62138]},"properties":{"id":1280465454,"name":"Rauchenberg","ele":1221,"country":"DE"}},
    {"type":"Feature","id":1421180648,"geometry":{"type":"Point","coordinates":[11.44042,47.57329]},"properties":{"id":1421180648,"name":"Schürpfenkopf","ele":1221,"country":"DE","wikidata":"Q31556958"}},
    {"type":"Feature","id":10916576875,"geometry":{"type":"Point","coordinates":[11.5565,47.26244]},"properties":{"id":10916576875,"name":"Windegger Bichl","ele":1221,"country":"AT","wikidata":"Q21868444"}},
    {"type":"Feature","id":414607685,"geometry":{"type":"Point","coordinates":[11.51335,47.72771]},"properties":{"id":414607685,"name":"Heigelkopf","ele":1218,"country":"DE","wikidata":"Q869872","wikipedia":"de:Heigelkopf"}},
    {"type":"Feature","id":1913686988,"geometry":{"type":"Point","coordinates":[11.99624,47.55989]},"properties":{"id":1913686988,"name":"Nöck","ele":1218,"country":"AT"}},
    {"type":"Feature","id":2621341672,"geometry":{"type":"Point","coordinates":[11.7666,47.65556]},"properties":{"id":2621341672,"name":"Roßsteinwand","ele":1217,"country":"DE","wikidata":"Q111660094","wikipedia":"de:Roßsteinwand"}},
    {"type":"Feature","id":1912425650,"geometry":{"type":"Point","coordinates":[12.23484,47.60913]},"properties":{"id":1912425650,"name":"Gamsschaukopf","ele":1215,"country":"AT"}},
    {"type":"Feature","id":4104402988,"geometry":{"type":"Point","coordinates":[11.21075,47.60063]},"properties":{"id":4104402988,"name":"Osterfeuerberg","ele":1215,"country":"DE","wikidata":"Q31528591"}},
    {"type":"Feature","id":1692726581,"geometry":{"type":"Point","coordinates":[12.21196,47.7112]},"properties":{"id":1692726581,"name":"Rabeneck","ele":1215,"country":"AT/DE"}},
    {"type":"Feature","id":935524539,"geometry":{"type":"Point","coordinates":[12.04197,47.73443]},"properties":{"id":935524539,"name":"Mitterberg","ele":1214,"country":"DE","wikidata":"Q31530580"}},
    {"type":"Feature","id":1320516864,"geometry":{"type":"Point","coordinates":[11.25232,47.58993]},"properties":{"id":1320516864,"name":"Sattmannsberg","ele":1214,"country":"DE","wikidata":"Q31524014"}},
    {"type":"Feature","id":389806119,"geometry":{"type":"Point","coordinates":[11.47864,47.73375]},"properties":{"id":389806119,"name":"Stallauer Eck","ele":1213,"country":"DE","wikidata":"Q15848876","wikipedia":"de:Stallauer Eck"}},
    {"type":"Feature","id":2607182341,"geometry":{"type":"Point","coordinates":[11.69057,47.72884]},"properties":{"id":2607182341,"name":"Wasenkogel","ele":1211,"country":"DE"}},
    {"type":"Feature","id":1431131521,"geometry":{"type":"Point","coordinates":[11.41267,47.58229]},"properties":{"id":1431131521,"name":"Rautberg","ele":1210,"country":"DE"}},
    {"type":"Feature","id":1256843929,"geometry":{"type":"Point","coordinates":[11.48143,47.68737]},"properties":{"id":1256843929,"name":"Vogelkopf","ele":1210,"country":"DE","wikidata":"Q31516407"}},
    {"type":"Feature","id":3233329550,"geometry":{"type":"Point","coordinates":[11.89975,47.72438]},"properties":{"id":3233329550,"name":"Breitenberg","ele":1208,"country":"DE"}},
    {"type":"Feature","id":289759260,"geometry":{"type":"Point","coordinates":[11.79231,47.70419]},"properties":{"id":289759260,"name":"Riederstein","ele":1207,"country":"DE","wikidata":"Q30335869","wikipedia":"de:Riederstein"}},
    {"type":"Feature","id":389806116,"geometry":{"type":"Point","coordinates":[11.46028,47.7273]},"properties":{"id":389806116,"name":"Enzenauer Kopf","ele":1205,"country":"DE","wikidata":"Q31548008"}},
    {"type":"Feature","id":703834455,"geometry":{"type":"Point","coordinates":[11.12921,47.57525]},"properties":{"id":703834455,"name":"Kleiner Laber","ele":1205,"country":"DE","wikidata":"Q31534471"}},
    {"type":"Feature","id":12915396139,"geometry":{"type":"Point","coordinates":[11.93158,47.43058]},"properties":{"id":12915396139,"name":"Moosschrofen","ele":1205,"country":"AT"}},
    {"type":"Feature","id":966046964,"geometry":{"type":"Point","coordinates":[12.21986,47.6024]},"properties":{"id":966046964,"name":"Lahnkopf","ele":1204,"country":"AT"}},
    {"type":"Feature","id":1280475333,"geometry":{"type":"Point","coordinates":[11.55544,47.60631]},"properties":{"id":1280475333,"name":"Paradiesköpfel","ele":1204,"country":"DE"}},
    {"type":"Feature","id":1511563857,"geometry":{"type":"Point","coordinates":[11.46454,47.71849]},"properties":{"id":1511563857,"name":"Fahrtkopf","ele":1203,"country":"DE","wikidata":"Q31547603"}},
    {"type":"Feature","id":4102642399,"geometry":{"type":"Point","coordinates":[11.00464,47.61234]},"properties":{"id":4102642399,"name":"Köpfel","ele":1202,"country":"DE","wikidata":"Q31557753"}},
    {"type":"Feature","id":1256843870,"geometry":{"type":"Point","coordinates":[11.47988,47.68414]},"properties":{"id":1256843870,"name":"Sattelkopf","ele":1202,"country":"DE","wikidata":"Q31558655"}},
    {"type":"Feature","id":3233329558,"geometry":{"type":"Point","coordinates":[12.03331,47.63134]},"properties":{"id":3233329558,"name":"Langeck","ele":1201,"country":"DE"}},
    {"type":"Feature","id":990015250,"geometry":{"type":"Point","coordinates":[12.2023,47.55673]},"properties":{"id":990015250,"name":"Kreuzbichl","ele":1200,"country":"AT"}},
    {"type":"Feature","id":3233329682,"geometry":{"type":"Point","coordinates":[11.98583,47.7477]},"properties":{"id":3233329682,"name":"Schwarzenbergeck","ele":1200,"country":"DE"}},
    {"type":"Feature","id":1256843909,"geometry":{"type":"Point","coordinates":[11.46906,47.67064]},"properties":{"id":1256843909,"name":"Gurneck","ele":1198,"country":"DE"}},
    {"type":"Feature","id":3230066910,"geometry":{"type":"Point","coordinates":[11.83955,47.6401]},"properties":{"id":3230066910,"name":"Rotzigmoosberg","ele":1198,"country":"DE","wikidata":"Q24698492"}},
    {"type":"Feature","id":1913812758,"geometry":{"type":"Point","coordinates":[12.04995,47.59988]},"properties":{"id":1913812758,"name":"Hinterer Sonnberg","ele":1196,"country":"AT"}},
    {"type":"Feature","id":4967432232,"geometry":{"type":"Point","coordinates":[11.25098,47.432]},"properties":{"id":4967432232,"name":"Burgberg","ele":1194,"country":"DE","wikidata":"Q21873179"}},
    {"type":"Feature","id":2306373437,"geometry":{"type":"Point","coordinates":[11.24284,47.46016]},"properties":{"id":2306373437,"name":"Brendten","ele":1193,"country":"DE","wikidata":"Q1623887","wikipedia":"de:Hoher Brendten"}},
    {"type":"Feature","id":1279802968,"geometry":{"type":"Point","coordinates":[11.489,47.58955]},"properties":{"id":1279802968,"name":"Reineck","ele":1192,"country":"DE","wikidata":"Q31526486"}},
    {"type":"Feature","id":2621339811,"geometry":{"type":"Point","coordinates":[11.76981,47.61785]},"properties":{"id":2621339811,"name":"Kleiner Wildbrenner","ele":1191,"country":"DE"}},
    {"type":"Feature","id":442708067,"geometry":{"type":"Point","coordinates":[11.6175,47.58964]},"properties":{"id":442708067,"name":"Achselkopf","ele":1190,"country":"DE","wikidata":"Q25393105"}},
    {"type":"Feature","id":441372958,"geometry":{"type":"Point","coordinates":[11.69401,47.67437]},"properties":{"id":441372958,"name":"Windberg","ele":1188,"country":"DE"}},
    {"type":"Feature","id":384913884,"geometry":{"type":"Point","coordinates":[11.96441,47.75305]},"properties":{"id":384913884,"name":"Schwarzenberg","ele":1187,"country":"DE","wikidata":"Q27342216"}},
    {"type":"Feature","id":1866359066,"geometry":{"type":"Point","coordinates":[11.20272,47.48033]},"properties":{"id":1866359066,"name":"Hirzeneck","ele":1186,"country":"DE","wikidata":"Q31540150"}},
    {"type":"Feature","id":1256843938,"geometry":{"type":"Point","coordinates":[11.49564,47.70085]},"properties":{"id":1256843938,"name":"Hochtannenkopf","ele":1184,"country":"DE","wikidata":"Q31539718"}},
    {"type":"Feature","id":3230132867,"geometry":{"type":"Point","coordinates":[12.10589,47.68528]},"properties":{"id":3230132867,"name":"Beiwand","ele":1183,"country":"DE"}},
    {"type":"Feature","id":1271398990,"geometry":{"type":"Point","coordinates":[11.61672,47.72019]},"properties":{"id":1271398990,"name":"Rechelköpfel","ele":1182,"country":"DE"}},
    {"type":"Feature","id":3229933793,"geometry":{"type":"Point","coordinates":[11.99307,47.73256]},"properties":{"id":3229933793,"name":"Rißkopf","ele":1182,"country":"DE","wikidata":"Q31525618"}},
    {"type":"Feature","id":53249194,"geometry":{"type":"Point","coordinates":[12.13946,47.49479]},"properties":{"id":53249194,"name":"Juffinger Jöchl / Paisslberg","ele":1181,"country":"AT"}},
    {"type":"Feature","id":4786798492,"geometry":{"type":"Point","coordinates":[11.32802,47.5532]},"properties":{"id":4786798492,"name":"Klausenkopf","ele":1181,"country":"DE","wikidata":"Q31556612"}},
    {"type":"Feature","id":2621339830,"geometry":{"type":"Point","coordinates":[11.76588,47.65052]},"properties":{"id":2621339830,"name":"Setzbergeck","ele":1179,"country":"DE"}},
    {"type":"Feature","id":1743681602,"geometry":{"type":"Point","coordinates":[11.76833,47.73387]},"properties":{"id":1743681602,"name":"Gassler Berg","ele":1178,"country":"DE","wikidata":"Q16064616"}},
    {"type":"Feature","id":2616497945,"geometry":{"type":"Point","coordinates":[11.73392,47.61554]},"properties":{"id":2616497945,"name":"Gernbergkopf","ele":1177,"country":"DE","wikidata":"Q132408372"}},
    {"type":"Feature","id":1279802976,"geometry":{"type":"Point","coordinates":[11.5008,47.57515]},"properties":{"id":1279802976,"name":"Schwarzberg","ele":1172,"country":"DE","wikidata":"Q31556973"}},
    {"type":"Feature","id":7555828394,"geometry":{"type":"Point","coordinates":[11.2655,47.27667]},"properties":{"id":7555828394,"name":"Möslkopf","ele":1170,"country":"AT"}},
    {"type":"Feature","id":3229970782,"geometry":{"type":"Point","coordinates":[11.82632,47.73236]},"properties":{"id":3229970782,"name":"Rainer Berg","ele":1169,"country":"DE","wikidata":"Q16292474"}},
    {"type":"Feature","id":441306329,"geometry":{"type":"Point","coordinates":[11.72809,47.67267]},"properties":{"id":441306329,"name":"Reitköpfl","ele":1166,"country":"DE"}},
    {"type":"Feature","id":1431131352,"geometry":{"type":"Point","coordinates":[11.39149,47.60007]},"properties":{"id":1431131352,"name":"Fischberg","ele":1164,"country":"DE","wikidata":"Q31546939"}},
    {"type":"Feature","id":1911421051,"geometry":{"type":"Point","coordinates":[12.21717,47.58332]},"properties":{"id":1911421051,"name":"Moosbeerkopf","ele":1164,"country":"AT"}},
    {"type":"Feature","id":715720542,"geometry":{"type":"Point","coordinates":[11.12494,47.50231]},"properties":{"id":715720542,"name":"Schafkopf","ele":1164,"country":"DE","wikidata":"Q31523694"}},
    {"type":"Feature","id":1256843867,"geometry":{"type":"Point","coordinates":[11.48963,47.6845]},"properties":{"id":1256843867,"name":"Waxenstein","ele":1162,"country":"DE"}},
    {"type":"Feature","id":1978075728,"geometry":{"type":"Point","coordinates":[11.27709,47.52645]},"properties":{"id":1978075728,"name":"Krepelschrofen","ele":1160,"country":"DE","wikidata":"Q15057181"}},
    {"type":"Feature","id":1254353477,"geometry":{"type":"Point","coordinates":[11.54457,47.66905]},"properties":{"id":1254353477,"name":"Demelspitze","ele":1158,"country":"DE","wikidata":"Q31558539"}},
    {"type":"Feature","id":2877712129,"geometry":{"type":"Point","coordinates":[12.02155,47.72545]},"properties":{"id":2877712129,"name":"Reinock","ele":1158,"country":"DE"}},
    {"type":"Feature","id":2939398189,"geometry":{"type":"Point","coordinates":[11.7942,47.67546]},"properties":{"id":2939398189,"name":"Bärenwand","ele":1156,"country":"DE"}},
    {"type":"Feature","id":4629829706,"geometry":{"type":"Point","coordinates":[11.40197,47.61147]},"properties":{"id":4629829706,"name":"Psengberg","ele":1155,"country":"DE"}},
    {"type":"Feature","id":1982887331,"geometry":{"type":"Point","coordinates":[11.89768,47.56504]},"properties":{"id":1982887331,"name":"Niedere Böden","ele":1153,"country":"AT"}},
    {"type":"Feature","id":1280475386,"geometry":{"type":"Point","coordinates":[11.52326,47.61264]},"properties":{"id":1280475386,"name":"Brandkopf","ele":1152,"country":"DE","wikidata":"Q31551577"}},
    {"type":"Feature","id":1254353151,"geometry":{"type":"Point","coordinates":[11.50253,47.68568]},"properties":{"id":1254353151,"name":"Klausenkopf","ele":1151,"country":"DE","wikidata":"Q31558670"}},
    {"type":"Feature","id":5098860808,"geometry":{"type":"Point","coordinates":[11.30311,47.49892]},"properties":{"id":5098860808,"name":"Schwarzkopf","ele":1150,"country":"DE"}},
    {"type":"Feature","id":3141368197,"geometry":{"type":"Point","coordinates":[12.06461,47.72563]},"properties":{"id":3141368197,"name":"Breitenberg","ele":1147,"country":"DE","wikidata":"Q31551390"}},
    {"type":"Feature","id":1478987449,"geometry":{"type":"Point","coordinates":[11.44748,47.69694]},"properties":{"id":1478987449,"name":"Windpasselkopf","ele":1146,"country":"DE","wikidata":"Q31514749"}},
    {"type":"Feature","id":1279783246,"geometry":{"type":"Point","coordinates":[11.52204,47.5782]},"properties":{"id":1279783246,"name":"Schindelberg","ele":1145,"country":"DE","wikidata":"Q31557086"}},
    {"type":"Feature","id":3229949065,"geometry":{"type":"Point","coordinates":[11.97202,47.72773]},"properties":{"id":3229949065,"name":"Bucher Berg","ele":1143,"country":"DE","wikidata":"Q43363659"}},
    {"type":"Feature","id":1431131356,"geometry":{"type":"Point","coordinates":[11.38486,47.5564]},"properties":{"id":1431131356,"name":"Galgenwurfköpfl","ele":1143,"country":"DE","wikidata":"Q31546174"}},
    {"type":"Feature","id":442360582,"geometry":{"type":"Point","coordinates":[11.65686,47.60569]},"properties":{"id":442360582,"name":"Bodigberg","ele":1140,"country":"DE","wikidata":"Q31551934"}},
    {"type":"Feature","id":1271399144,"geometry":{"type":"Point","coordinates":[11.60802,47.72736]},"properties":{"id":1271399144,"name":"Schwarzköpfel","ele":1140,"country":"DE","wikidata":"Q92192050","wikipedia":"de:Schwarzköpfel"}},
    {"type":"Feature","id":1962657495,"geometry":{"type":"Point","coordinates":[12.21219,47.59957]},"properties":{"id":1962657495,"name":"Rogerkopf","ele":1138,"country":"AT"}},
    {"type":"Feature","id":2876346758,"geometry":{"type":"Point","coordinates":[12.17806,47.72586]},"properties":{"id":2876346758,"name":"Backofen","ele":1136,"country":"DE"}},
    {"type":"Feature","id":821616667,"geometry":{"type":"Point","coordinates":[12.2729,47.77295]},"properties":{"id":821616667,"name":"Schwarzenberg","ele":1136,"country":"DE","wikidata":"Q31521556"}},
    {"type":"Feature","id":701385037,"geometry":{"type":"Point","coordinates":[12.11481,47.7103]},"properties":{"id":701385037,"name":"Maiwand","ele":1135,"country":"DE","wikidata":"Q1885965","wikipedia":"de:Maiwand (Berg)"}},
    {"type":"Feature","id":1743681826,"geometry":{"type":"Point","coordinates":[11.77658,47.73445]},"properties":{"id":1743681826,"name":"Oeder Kogel","ele":1135,"country":"DE","wikidata":"Q16320527"}},
    {"type":"Feature","id":2896029968,"geometry":{"type":"Point","coordinates":[12.02507,47.72476]},"properties":{"id":2896029968,"name":"Roßstallkopf","ele":1135,"country":"DE"}},
    {"type":"Feature","id":1743682069,"geometry":{"type":"Point","coordinates":[11.78634,47.73481]},"properties":{"id":1743682069,"name":"Schußkogel","ele":1134,"country":"DE","wikidata":"Q18289376"}},
    {"type":"Feature","id":1254353276,"geometry":{"type":"Point","coordinates":[11.54369,47.6577]},"properties":{"id":1254353276,"name":"Blaikenberg","ele":1133,"country":"DE"}},
    {"type":"Feature","id":3229933791,"geometry":{"type":"Point","coordinates":[11.99512,47.73818]},"properties":{"id":3229933791,"name":"Katzenköpfl","ele":1132,"country":"DE","wikidata":"Q27882380"}},
    {"type":"Feature","id":1240143012,"geometry":{"type":"Point","coordinates":[11.5244,47.55449]},"properties":{"id":1240143012,"name":"Roßkopf","ele":1130,"country":"DE","wikidata":"Q31525041"}},
    {"type":"Feature","id":442701181,"geometry":{"type":"Point","coordinates":[11.62982,47.59812]},"properties":{"id":442701181,"name":"Guggenauer Köpfl","ele":1127,"country":"DE"}},
    {"type":"Feature","id":797461041,"geometry":{"type":"Point","coordinates":[11.08873,47.4731]},"properties":{"id":797461041,"name":"Rießerkopf","ele":1127,"country":"DE","wikidata":"Q31556085"}},
    {"type":"Feature","id":3558230019,"geometry":{"type":"Point","coordinates":[11.4303,47.63336]},"properties":{"id":3558230019,"name":"Wespenkopf","ele":1127,"country":"DE","wikidata":"Q31558005"}},
    {"type":"Feature","id":1280463870,"geometry":{"type":"Point","coordinates":[11.51885,47.63758]},"properties":{"id":1280463870,"name":"Düftberg","ele":1126,"country":"DE"}},
    {"type":"Feature","id":401677244,"geometry":{"type":"Point","coordinates":[11.60238,47.69539]},"properties":{"id":401677244,"name":"Keilkopf","ele":1125,"country":"DE","wikidata":"Q16832392"}},
    {"type":"Feature","id":9236156370,"geometry":{"type":"Point","coordinates":[11.70042,47.57092]},"properties":{"id":9236156370,"name":"Klammkopf","ele":1124,"country":"AT","wikidata":"Q21876501"}},
    {"type":"Feature","id":1431131528,"geometry":{"type":"Point","coordinates":[11.41666,47.58993]},"properties":{"id":1431131528,"name":"Sagrinnenköpfl","ele":1120,"country":"DE"}},
    {"type":"Feature","id":311986503,"geometry":{"type":"Point","coordinates":[12.06267,47.74462]},"properties":{"id":311986503,"name":"Sulzberg","ele":1119,"country":"DE","wikidata":"Q2365083","wikipedia":"de:Sulzberg (Mangfallgebirge)"}},
    {"type":"Feature","id":1913812982,"geometry":{"type":"Point","coordinates":[12.04827,47.57062]},"properties":{"id":1913812982,"name":"Wäschkogel","ele":1118,"country":"AT"}},
    {"type":"Feature","id":3231691753,"geometry":{"type":"Point","coordinates":[12.05985,47.74615]},"properties":{"id":3231691753,"name":"Sulzbergschneid","ele":1117,"country":"DE"}},
    {"type":"Feature","id":2796312770,"geometry":{"type":"Point","coordinates":[12.20362,47.7074]},"properties":{"id":2796312770,"name":"Tannenbühl","ele":1117,"country":"AT"}},
    {"type":"Feature","id":11610261989,"geometry":{"type":"Point","coordinates":[11.24008,47.44491]},"properties":{"id":11610261989,"name":"Kratzenköpfl","ele":1115,"country":"DE"}},
    {"type":"Feature","id":700907767,"geometry":{"type":"Point","coordinates":[12.1776,47.7257]},"properties":{"id":700907767,"name":"Kundl","ele":1115,"country":"DE"}},
    {"type":"Feature","id":3233329548,"geometry":{"type":"Point","coordinates":[11.69507,47.71125]},"properties":{"id":3233329548,"name":"Auereck","ele":1113,"country":"DE"}},
    {"type":"Feature","id":889074205,"geometry":{"type":"Point","coordinates":[12.06152,47.71963]},"properties":{"id":889074205,"name":"Zugberg","ele":1113,"country":"DE","wikidata":"Q31513961"}},
    {"type":"Feature","id":440952232,"geometry":{"type":"Point","coordinates":[11.70459,47.69888]},"properties":{"id":440952232,"name":"Zwergelberg","ele":1113,"country":"DE"}},
    {"type":"Feature","id":1472279573,"geometry":{"type":"Point","coordinates":[11.87082,47.69528]},"properties":{"id":1472279573,"name":"Anklspitz","ele":1112,"country":"DE"}},
    {"type":"Feature","id":512101888,"geometry":{"type":"Point","coordinates":[12.06983,47.46855]},"properties":{"id":512101888,"name":"Eisstein","ele":1110,"country":"AT"}},
    {"type":"Feature","id":6665462510,"geometry":{"type":"Point","coordinates":[12.09227,47.47432]},"properties":{"id":6665462510,"name":"Möslalmkogel","ele":1109,"country":"AT"}},
    {"type":"Feature","id":4104477135,"geometry":{"type":"Point","coordinates":[11.10467,47.63531]},"properties":{"id":4104477135,"name":"Aschauer Berg","ele":1108,"country":"DE","wikidata":"Q30725277"}},
    {"type":"Feature","id":1913765984,"geometry":{"type":"Point","coordinates":[12.06454,47.57717]},"properties":{"id":1913765984,"name":"Schattberg","ele":1108,"country":"AT"}},
    {"type":"Feature","id":1913828076,"geometry":{"type":"Point","coordinates":[12.00851,47.62512]},"properties":{"id":1913828076,"name":"Brunnerköpfl","ele":1107,"country":"AT"}},
    {"type":"Feature","id":703831947,"geometry":{"type":"Point","coordinates":[11.11359,47.55198]},"properties":{"id":703831947,"name":"Rabenkopf","ele":1107,"country":"DE","wikidata":"Q31527436"}},
    {"type":"Feature","id":1738763687,"geometry":{"type":"Point","coordinates":[11.77822,47.70743]},"properties":{"id":1738763687,"name":"Kleintegernseer Berg","ele":1106,"country":"DE"}},
    {"type":"Feature","id":1242277402,"geometry":{"type":"Point","coordinates":[12.09105,47.47471]},"properties":{"id":1242277402,"name":"Möslalmkreuz","ele":1105,"country":"AT"}},
    {"type":"Feature","id":731807184,"geometry":{"type":"Point","coordinates":[11.46268,47.6081]},"properties":{"id":731807184,"name":"Brunnenberg","ele":1102,"country":"DE","wikidata":"Q31551002"}},
    {"type":"Feature","id":725046130,"geometry":{"type":"Point","coordinates":[12.19251,47.68989]},"properties":{"id":725046130,"name":"Kienberg","ele":1101,"country":"AT"}},
    {"type":"Feature","id":1082083963,"geometry":{"type":"Point","coordinates":[11.44818,47.62247]},"properties":{"id":1082083963,"name":"Kienstein","ele":1101,"country":"DE"}},
    {"type":"Feature","id":3233329687,"geometry":{"type":"Point","coordinates":[11.70345,47.71056]},"properties":{"id":3233329687,"name":"Semmelberg","ele":1101,"country":"DE","wikidata":"Q31520990"}},
    {"type":"Feature","id":1279802975,"geometry":{"type":"Point","coordinates":[11.47861,47.61353]},"properties":{"id":1279802975,"name":"Hochenkopf","ele":1100,"country":"DE","wikidata":"Q31540051"}},
    {"type":"Feature","id":1254353626,"geometry":{"type":"Point","coordinates":[11.54844,47.6666]},"properties":{"id":1254353626,"name":"Brunnstein","ele":1099,"country":"DE","wikidata":"Q102442083"}},
    {"type":"Feature","id":513801178,"geometry":{"type":"Point","coordinates":[12.07974,47.45779]},"properties":{"id":513801178,"name":"Hoher Stein","ele":1099,"country":"AT"}},
    {"type":"Feature","id":714142225,"geometry":{"type":"Point","coordinates":[11.18246,47.49637]},"properties":{"id":714142225,"name":"Unterreidla","ele":1099,"country":"DE"}},
    {"type":"Feature","id":3230066911,"geometry":{"type":"Point","coordinates":[11.88831,47.62437]},"properties":{"id":3230066911,"name":"Schalmeiereck","ele":1098,"country":"DE"}},
    {"type":"Feature","id":1913812975,"geometry":{"type":"Point","coordinates":[12.09773,47.60651]},"properties":{"id":1913812975,"name":"Vorderer Sonnberg","ele":1098,"country":"AT"}},
    {"type":"Feature","id":942667605,"geometry":{"type":"Point","coordinates":[11.60078,47.72237]},"properties":{"id":942667605,"name":"Schürfenkopf","ele":1096,"country":"DE","wikidata":"Q31521735","wikipedia":"de:Schürfenkopf"}},
    {"type":"Feature","id":2859707503,"geometry":{"type":"Point","coordinates":[12.19005,47.54378]},"properties":{"id":2859707503,"name":"Eibergkopf","ele":1089,"country":"AT"}},
    {"type":"Feature","id":702262362,"geometry":{"type":"Point","coordinates":[11.09547,47.63816]},"properties":{"id":702262362,"name":"Geißeck","ele":1086,"country":"DE"}},
    {"type":"Feature","id":778602686,"geometry":{"type":"Point","coordinates":[12.11566,47.67554]},"properties":{"id":778602686,"name":"Höhlenstein","ele":1084,"country":"DE"}},
    {"type":"Feature","id":1279783249,"geometry":{"type":"Point","coordinates":[11.53046,47.58298]},"properties":{"id":1279783249,"name":"Adamskopf","ele":1083,"country":"DE"}},
    {"type":"Feature","id":1755940590,"geometry":{"type":"Point","coordinates":[12.29827,47.7802]},"properties":{"id":1755940590,"name":"Aschauer Kopf","ele":1076,"country":"DE","wikidata":"Q31553382"}},
    {"type":"Feature","id":27257372,"geometry":{"type":"Point","coordinates":[12.29437,47.71266]},"properties":{"id":27257372,"name":"Schachenberg","ele":1076,"country":"DE","wikidata":"Q31523854"}},
    {"type":"Feature","id":582519959,"geometry":{"type":"Point","coordinates":[11.29162,47.53395]},"properties":{"id":582519959,"name":"Fahrenberg","ele":1074,"country":"DE","wikidata":"Q31547668"}},
    {"type":"Feature","id":1279783260,"geometry":{"type":"Point","coordinates":[11.53211,47.5799]},"properties":{"id":1279783260,"name":"Falkenberg","ele":1074,"country":"DE","wikidata":"Q31547573"}},
    {"type":"Feature","id":4104522072,"geometry":{"type":"Point","coordinates":[11.04118,47.65176]},"properties":{"id":4104522072,"name":"Sonneneck","ele":1074,"country":"DE"}},
    {"type":"Feature","id":1272834691,"geometry":{"type":"Point","coordinates":[11.65708,47.73135]},"properties":{"id":1272834691,"name":"Gefällberg","ele":1070,"country":"DE","wikidata":"Q31545349","wikipedia":"de:Gefällberg"}},
    {"type":"Feature","id":5926552278,"geometry":{"type":"Point","coordinates":[11.08457,47.32688]},"properties":{"id":5926552278,"name":"Arzberg","ele":1069,"country":"AT"}},
    {"type":"Feature","id":1988605770,"geometry":{"type":"Point","coordinates":[11.84811,47.40174]},"properties":{"id":1988605770,"name":"Hinterkogel","ele":1069,"country":"AT"}},
    {"type":"Feature","id":705251831,"geometry":{"type":"Point","coordinates":[11.18186,47.56653]},"properties":{"id":705251831,"name":"Teufelskapelle","ele":1069,"country":"DE","wikidata":"Q31517610"}},
    {"type":"Feature","id":1256843905,"geometry":{"type":"Point","coordinates":[11.48215,47.69328]},"properties":{"id":1256843905,"name":"Görglköpfl","ele":1068,"country":"DE","wikidata":"Q31558734"}},
    {"type":"Feature","id":1817738050,"geometry":{"type":"Point","coordinates":[11.42216,47.67609]},"properties":{"id":1817738050,"name":"Rieder Vorberg","ele":1068,"country":"DE"}},
    {"type":"Feature","id":3233350788,"geometry":{"type":"Point","coordinates":[12.27326,47.66497]},"properties":{"id":3233350788,"name":"Chiemkogel","ele":1066,"country":"AT"}},
    {"type":"Feature","id":2213748620,"geometry":{"type":"Point","coordinates":[11.77067,47.70703]},"properties":{"id":2213748620,"name":"Pfliegeleck","ele":1065,"country":"DE"}},
    {"type":"Feature","id":5145536205,"geometry":{"type":"Point","coordinates":[11.25363,47.62509]},"properties":{"id":5145536205,"name":"Kleiner Illing","ele":1062,"country":"DE","wikidata":"Q31534569"}},
    {"type":"Feature","id":3495555772,"geometry":{"type":"Point","coordinates":[11.42617,47.6724]},"properties":{"id":3495555772,"name":"Dachsenberg","ele":1061,"country":"DE"}},
    {"type":"Feature","id":758590454,"geometry":{"type":"Point","coordinates":[11.2254,47.28529]},"properties":{"id":758590454,"name":"Zirler Berg","ele":1057,"country":"AT","wikidata":"Q205988","wikipedia":"de:Zirler Berg"}},
    {"type":"Feature","id":1161731438,"geometry":{"type":"Point","coordinates":[11.12543,47.47504]},"properties":{"id":1161731438,"name":"Eselberg","ele":1055,"country":"DE","wikidata":"Q31547857"}},
    {"type":"Feature","id":4104489592,"geometry":{"type":"Point","coordinates":[11.26642,47.63631]},"properties":{"id":4104489592,"name":"Simmersberg","ele":1052,"country":"DE"}},
    {"type":"Feature","id":11416724272,"geometry":{"type":"Point","coordinates":[11.44266,47.62213]},"properties":{"id":11416724272,"name":"Axelstein","ele":1051,"country":"DE"}},
    {"type":"Feature","id":2641018246,"geometry":{"type":"Point","coordinates":[11.83427,47.73764]},"properties":{"id":2641018246,"name":"Huberspitz","ele":1051,"country":"DE","wikidata":"Q31537823"}},
    {"type":"Feature","id":1279783247,"geometry":{"type":"Point","coordinates":[11.51828,47.59067]},"properties":{"id":1279783247,"name":"Brünstkopf","ele":1048,"country":"DE","wikidata":"Q31557417"}},
    {"type":"Feature","id":2859709201,"geometry":{"type":"Point","coordinates":[12.19227,47.53702]},"properties":{"id":2859709201,"name":"Hinterstein","ele":1048,"country":"AT"}},
    {"type":"Feature","id":1776502896,"geometry":{"type":"Point","coordinates":[12.29314,47.78355]},"properties":{"id":1776502896,"name":"Rohnerkopf","ele":1047,"country":"DE"}},
    {"type":"Feature","id":1280463877,"geometry":{"type":"Point","coordinates":[11.55339,47.6387]},"properties":{"id":1280463877,"name":"Kohlberg","ele":1046,"country":"DE"}},
    {"type":"Feature","id":3233329551,"geometry":{"type":"Point","coordinates":[12.02079,47.63224]},"properties":{"id":3233329551,"name":"Breiteneck","ele":1045,"country":"DE"}},
    {"type":"Feature","id":793835773,"geometry":{"type":"Point","coordinates":[12.10447,47.46764]},"properties":{"id":793835773,"name":"Riederberg","ele":1045,"country":"AT"}},
    {"type":"Feature","id":3229970779,"geometry":{"type":"Point","coordinates":[11.84115,47.72067]},"properties":{"id":3229970779,"name":"Aschberg","ele":1042,"country":"DE"}},
    {"type":"Feature","id":1254353253,"geometry":{"type":"Point","coordinates":[11.54308,47.65161]},"properties":{"id":1254353253,"name":"Eselauberg","ele":1041,"country":"DE","wikidata":"Q31547876"}},
    {"type":"Feature","id":1280463872,"geometry":{"type":"Point","coordinates":[11.54441,47.63862]},"properties":{"id":1280463872,"name":"Kohlberg","ele":1041,"country":"DE"}},
    {"type":"Feature","id":3229970781,"geometry":{"type":"Point","coordinates":[11.84836,47.72147]},"properties":{"id":3229970781,"name":"Krainsbergkogel","ele":1037,"country":"DE"}},
    {"type":"Feature","id":1256843924,"geometry":{"type":"Point","coordinates":[11.45731,47.67568]},"properties":{"id":1256843924,"name":"Brandenberg","ele":1031,"country":"DE","wikidata":"Q31558622"}},
    {"type":"Feature","id":1268539491,"geometry":{"type":"Point","coordinates":[11.96814,47.73499]},"properties":{"id":1268539491,"name":"Durhamer Berg","ele":1029,"country":"DE","wikidata":"Q31549046"}},
    {"type":"Feature","id":5609853387,"geometry":{"type":"Point","coordinates":[11.44751,47.30339]},"properties":{"id":5609853387,"name":"Kiechlberg","ele":1028,"country":"AT"}},
    {"type":"Feature","id":1817738064,"geometry":{"type":"Point","coordinates":[11.39596,47.65588]},"properties":{"id":1817738064,"name":"Zwieselschrofen","ele":1027,"country":"DE","wikidata":"Q31513791"}},
    {"type":"Feature","id":702260990,"geometry":{"type":"Point","coordinates":[11.054,47.61917]},"properties":{"id":702260990,"name":"Grünbichl","ele":1026,"country":"DE"}},
    {"type":"Feature","id":2299324272,"geometry":{"type":"Point","coordinates":[12.12178,47.45402]},"properties":{"id":2299324272,"name":"Bruggberg","ele":1025,"country":"AT"}},
    {"type":"Feature","id":1011372360,"geometry":{"type":"Point","coordinates":[12.0652,47.73303]},"properties":{"id":1011372360,"name":"Schrofen","ele":1025,"country":"DE","wikidata":"Q31521765"}},
    {"type":"Feature","id":3233350791,"geometry":{"type":"Point","coordinates":[12.17895,47.7355]},"properties":{"id":3233350791,"name":"Kogl","ele":1023,"country":"DE"}},
    {"type":"Feature","id":4104489593,"geometry":{"type":"Point","coordinates":[11.26365,47.63176]},"properties":{"id":4104489593,"name":"Wagbichl","ele":1017,"country":"DE"}},
    {"type":"Feature","id":1279771681,"geometry":{"type":"Point","coordinates":[11.65952,47.61409]},"properties":{"id":1279771681,"name":"Hubertus","ele":1015,"country":"DE"}},
    {"type":"Feature","id":1985592423,"geometry":{"type":"Point","coordinates":[11.90884,47.43402]},"properties":{"id":1985592423,"name":"Hauskogel","ele":1009,"country":"AT"}},
    {"type":"Feature","id":725046131,"geometry":{"type":"Point","coordinates":[12.18687,47.68974]},"properties":{"id":725046131,"name":"Sonnwand","ele":1000,"country":"AT"}}
  ]
}
